id,title,company,company_token,location,department,posted_at,job_url,apply_url,content_snippet,content_full,salary_min,salary_max,experience_years,experience_required,is_remote,is_us_based,tech_stack,role_category,job_hash
6708532,AI Engineer,6sense,6sense,"San Francisco, California, United States",Data Science and Analytics,2025-03-31T20:18:03-04:00,https://job-boards.greenhouse.io/6sense/jobs/6708532,https://boards.greenhouse.io/6sense/jobs/6708532,"&lt;div class=&quot;content-intro&quot;&gt;&lt;p&gt;&lt;strong&gt;&lt;span data-contrast=&quot;none&quot;&gt;Our Mission:&lt;/span&gt;&lt;/strong&gt;&lt;span data-ccp-props=&quot;{&amp;quot;201341983&amp;quot;:0,&amp;quot;335559685&amp;quot;:720,&amp;quot;335559739&amp;quot;:160,&amp;quot;335559740&amp;quot;:259}&quot;&gt;&amp;nbsp;&lt;/span&gt;&lt;/p&gt;
&lt;p&gt;&lt;span data-contrast=&quot;none&quot;&gt;6sense is on a mission to revolutionize how B2B organizations create revenue by predicting...",,,,,False,False,True,"['python', 'r', 'sql']",ml_ai,6dedbdfecf1cd92dd1579161ac7065ce
6647311,Software Engineer,6sense,6sense,"San Francisco, California, United States",Engineering,2025-03-31T20:18:03-04:00,https://job-boards.greenhouse.io/6sense/jobs/6647311,https://boards.greenhouse.io/6sense/jobs/6647311,"&lt;div class=&quot;content-intro&quot;&gt;&lt;p&gt;&lt;strong&gt;&lt;span data-contrast=&quot;none&quot;&gt;Our Mission:&lt;/span&gt;&lt;/strong&gt;&lt;span data-ccp-props=&quot;{&amp;quot;201341983&amp;quot;:0,&amp;quot;335559685&amp;quot;:720,&amp;quot;335559739&amp;quot;:160,&amp;quot;335559740&amp;quot;:259}&quot;&gt;&amp;nbsp;&lt;/span&gt;&lt;/p&gt;
&lt;p&gt;&lt;span data-contrast=&quot;none&quot;&gt;6sense is on a mission to revolutionize how B2B organizations create revenue by predicting...",,,,,False,False,True,"['aws', 'elasticsearch', 'hadoop', 'kafka', 'kubernetes', 'mongodb', 'mysql', 'nosql', 'python', 'redis', 'sql', 'terraform']",software_engineer,0833aeeaf4fdf3be5dd03e5569c64004
6657768,Software Engineer III - API,6sense,6sense,"San Francisco, California, United States",Engineering,2025-03-31T20:18:03-04:00,https://job-boards.greenhouse.io/6sense/jobs/6657768,https://boards.greenhouse.io/6sense/jobs/6657768,"&lt;div class=&quot;content-intro&quot;&gt;&lt;p&gt;&lt;strong&gt;&lt;span data-contrast=&quot;none&quot;&gt;Our Mission:&lt;/span&gt;&lt;/strong&gt;&lt;span data-ccp-props=&quot;{&amp;quot;201341983&amp;quot;:0,&amp;quot;335559685&amp;quot;:720,&amp;quot;335559739&amp;quot;:160,&amp;quot;335559740&amp;quot;:259}&quot;&gt;&amp;nbsp;&lt;/span&gt;&lt;/p&gt;
&lt;p&gt;&lt;span data-contrast=&quot;none&quot;&gt;6sense is on a mission to revolutionize how B2B organizations create revenue by predicting...",,,,0.0,True,False,True,"['aws', 'azure', 'ci/cd', 'django', 'gcp', 'java', 'jenkins', 'kubernetes', 'mysql', 'node', 'python', 'rest', 'spring', 'sql']",software_engineer,94b60620a08b0d4adf41b77d16a05aa3
6481191,Sr. Software Engineer,6sense,6sense,"San Francisco, California, United States",Engineering,2025-03-31T20:18:03-04:00,https://job-boards.greenhouse.io/6sense/jobs/6481191,https://boards.greenhouse.io/6sense/jobs/6481191,"&lt;div class=&quot;content-intro&quot;&gt;&lt;p&gt;&lt;strong&gt;&lt;span data-contrast=&quot;none&quot;&gt;Our Mission:&lt;/span&gt;&lt;/strong&gt;&lt;span data-ccp-props=&quot;{&amp;quot;201341983&amp;quot;:0,&amp;quot;335559685&amp;quot;:720,&amp;quot;335559739&amp;quot;:160,&amp;quot;335559740&amp;quot;:259}&quot;&gt;&amp;nbsp;&lt;/span&gt;&lt;/p&gt;
&lt;p&gt;&lt;span data-contrast=&quot;none&quot;&gt;6sense is on a mission to revolutionize how B2B organizations create revenue by predicting...",,,,0.0,True,False,True,"['ci/cd', 'django', 'java', 'jenkins', 'mysql', 'node', 'python', 'rest', 'spring', 'sql']",software_engineer,416813f0644008d8ec22a10cec6f88f5
6679026,Sr. Software Engineer  - Data Assets,6sense,6sense,"San Francisco, California, United States",Engineering,2025-03-31T20:18:03-04:00,https://job-boards.greenhouse.io/6sense/jobs/6679026,https://boards.greenhouse.io/6sense/jobs/6679026,"&lt;div class=&quot;content-intro&quot;&gt;&lt;p&gt;&lt;strong&gt;&lt;span data-contrast=&quot;none&quot;&gt;Our Mission:&lt;/span&gt;&lt;/strong&gt;&lt;span data-ccp-props=&quot;{&amp;quot;201341983&amp;quot;:0,&amp;quot;335559685&amp;quot;:720,&amp;quot;335559739&amp;quot;:160,&amp;quot;335559740&amp;quot;:259}&quot;&gt;&amp;nbsp;&lt;/span&gt;&lt;/p&gt;
&lt;p&gt;&lt;span data-contrast=&quot;none&quot;&gt;6sense is on a mission to revolutionize how B2B organizations create revenue by predicting...",,,,,False,False,True,"['aws', 'django', 'etl', 'hadoop', 'kafka', 'r', 'spark', 'sql']",software_engineer,3d2af40353671e54b0c9883eb8f7b6e7
4020350008,Performance Engineer,Anthropic,anthropic,"San Francisco, CA | New York City, NY | Seattle, WA",AI Research & Engineering,2025-03-31T18:19:58-04:00,https://job-boards.greenhouse.io/anthropic/jobs/4020350008,https://boards.greenhouse.io/anthropic/jobs/4020350008,"&lt;div class=&quot;content-intro&quot;&gt;&lt;h2&gt;&lt;strong&gt;About Anthropic&lt;/strong&gt;&lt;/h2&gt;
&lt;p&gt;Anthropic’s mission is to create reliable, interpretable, and steerable AI systems. We want AI to be safe and beneficial for our users and for society as a whole. Our team is a quickly growing group of committed researchers, engineers, policy experts, and business leaders working together to build beneficial AI systems.&lt;/p&gt;&lt;/div&gt;&lt;div&gt;
&lt;div&gt;
&lt;h2&gt;About...",,,,,False,False,True,[],other,e681d72eea4005e453bb07f79653bf1a
4459012008,"Research Engineer / Scientist, Safeguards",Anthropic,anthropic,"San Francisco, CA | New York City, NY",AI Research & Engineering,2025-03-31T20:23:28-04:00,https://job-boards.greenhouse.io/anthropic/jobs/4459012008,https://boards.greenhouse.io/anthropic/jobs/4459012008,"&lt;div class=&quot;content-intro&quot;&gt;&lt;h2&gt;&lt;strong&gt;About Anthropic&lt;/strong&gt;&lt;/h2&gt;
&lt;p&gt;Anthropic’s mission is to create reliable, interpretable, and steerable AI systems. We want AI to be safe and beneficial for our users and for society as a whole. Our team is a quickly growing group of committed researchers, engineers, policy experts, and business leaders working together to build beneficial AI systems.&lt;/p&gt;&lt;/div&gt;&lt;h2&gt;About the role&lt;/h2&gt;
&lt...",,,,,False,False,True,['kubernetes'],other,3ea50b63db43018c063ee2281f0f3c6b
4612229008,"Software Engineer - Data & Evaluation, Horizons",Anthropic,anthropic,"San Francisco, CA | New York City, NY",AI Research & Engineering,2025-03-31T21:36:38-04:00,https://job-boards.greenhouse.io/anthropic/jobs/4612229008,https://boards.greenhouse.io/anthropic/jobs/4612229008,"&lt;div class=&quot;content-intro&quot;&gt;&lt;h2&gt;&lt;strong&gt;About Anthropic&lt;/strong&gt;&lt;/h2&gt;
&lt;p&gt;Anthropic’s mission is to create reliable, interpretable, and steerable AI systems. We want AI to be safe and beneficial for our users and for society as a whole. Our team is a quickly growing group of committed researchers, engineers, policy experts, and business leaders working together to build beneficial AI systems.&lt;/p&gt;&lt;/div&gt;&lt;h2&gt;&lt;strong&gt;About Horizons&...",,,,,False,False,True,"['fastapi', 'flask', 'grafana', 'javascript', 'numpy', 'pandas', 'python', 'react']",software_engineer,0aa6b3b147d0549fa06313542cd65879
4609502008,"Software Engineer, Inference Scalability and Capability",Anthropic,anthropic,"New York City, NY; New York City, NY | Seattle, WA; San Francisco, CA | New York City, NY | Seattle, WA",AI Research & Engineering,2025-03-31T15:34:42-04:00,https://job-boards.greenhouse.io/anthropic/jobs/4609502008,https://boards.greenhouse.io/anthropic/jobs/4609502008,"&lt;div class=&quot;content-intro&quot;&gt;&lt;h2&gt;&lt;strong&gt;About Anthropic&lt;/strong&gt;&lt;/h2&gt;
&lt;p&gt;Anthropic’s mission is to create reliable, interpretable, and steerable AI systems. We want AI to be safe and beneficial for our users and for society as a whole. Our team is a quickly growing group of committed researchers, engineers, policy experts, and business leaders working together to build beneficial AI systems.&lt;/p&gt;&lt;/div&gt;&lt;div&gt;
&lt;div&gt;
&lt;h2&gt;About...",,,,,False,False,True,"['kubernetes', 'python']",software_engineer,aba9af8770a715e84d4b2704d8f99404
6486319003,Solutions Configuration Management Analyst,Cohere Health,coherehealth,United States,Technical Services,2025-03-31T15:26:16-04:00,https://boards.greenhouse.io/coherehealth/jobs/6486319003,https://boards.greenhouse.io/coherehealth/jobs/6486319003,"&lt;p&gt;&lt;strong&gt;Company Overview:&lt;/strong&gt;&lt;/p&gt;
&lt;p&gt;Cohere Health is illuminating healthcare for patients, their doctors, and all those who are important in a patient’s healthcare experience, both in and out of the doctors office.&amp;nbsp; Founded in August, 2019, we are obsessed with eliminating wasteful friction patients and doctors experience in areas that have nothing to do with health and treatment, particularly for diagnoses that require expensive procedures or medi...",,,,1.0,True,False,True,[],other,29d369d205d68155768aaa7a3e80e691
5378719004,Documentation Engineer,ClickHouse,clickhouse,United States (remote),Product & Engineering,2025-03-31T15:31:52-04:00,https://job-boards.greenhouse.io/clickhouse/jobs/5378719004,https://boards.greenhouse.io/clickhouse/jobs/5378719004,"&lt;div class=&quot;content-intro&quot;&gt;&lt;h3&gt;&lt;strong&gt;About ClickHouse&lt;/strong&gt;&lt;/h3&gt;
&lt;p&gt;&lt;span style=&quot;font-weight: 400;&quot;&gt;We are the company behind the popular open-source, high performance columnar OLAP database management system for real-time analytics. ClickHouse works &lt;/span&gt;&lt;a href=&quot;https://clickhouse.com/#blazing-fast&quot;&gt;&lt;span style=&quot;font-weight: 400;&quot;&gt;100-1000x faster than traditional approaches&lt;/span&gt;&...",,,,,False,True,True,"['javascript', 'node', 'python', 'react', 'sql']",other,42d5e3be393ede1819f6076925bae3b3
7818706002,Edibles Agent - 2nd shift,Cresco Labs,crescolabs,"Fall River, MA",Food & Beverage Production,2025-03-31T16:18:48-04:00,https://job-boards.greenhouse.io/crescolabs/jobs/7818706002,https://boards.greenhouse.io/crescolabs/jobs/7818706002,"&lt;div class=&quot;content-intro&quot;&gt;&lt;h2 style=&quot;text-align: center;&quot;&gt;&lt;span style=&quot;color: rgb(52, 73, 94);&quot;&gt;&lt;strong&gt;COMPANY OVERVIEW&lt;/strong&gt;&lt;/span&gt;&lt;/h2&gt;
&lt;p&gt;Cresco Labs is one of the largest public, vertically integrated, multistate operators in the cannabis industry. Our portfolio of in-house cultivated and manufactured brands features some of the highest quality, most awarded and most popular cannabis products in America. With ...",,,,,False,False,True,[],other,75c55fac141e2cd910dd9ef233d3f753
6720391,"Administrative Business Partner, Fixed Term Contract",DeepMind,deepmind,"Mountain View, California, US","Central Operations, Responsibility, and Engagement",2025-03-31T09:06:55-04:00,https://job-boards.greenhouse.io/deepmind/jobs/6720391,https://boards.greenhouse.io/deepmind/jobs/6720391,"&lt;h2&gt;About Us&lt;/h2&gt;
&lt;p&gt;&lt;span style=&quot;font-weight: 400;&quot;&gt;Artificial Intelligence could be one of humanity’s most useful inventions. At Google DeepMind, we’re a team of scientists, engineers, machine learning experts and more, working together to advance the state of the art in artificial intelligence. We use our technologies for widespread public benefit and scientific discovery, and collaborate with others on critical challenges, ensurig safety and ethics are the h...",,,,,False,False,True,['go'],other,e8ae2c1b2b990d27a105ce8cd8abcd5b
6643157,"Administrative Business Partner, Gemini Apps Team (12 months fixed term contract)",DeepMind,deepmind,"Mountain View, California, US","Central Operations, Responsibility, and Engagement",2025-03-31T09:06:55-04:00,https://job-boards.greenhouse.io/deepmind/jobs/6643157,https://boards.greenhouse.io/deepmind/jobs/6643157,"&lt;h3&gt;About Us&amp;nbsp;&lt;/h3&gt;
&lt;p&gt;Artificial Intelligence could be one of humanity’s most useful inventions. At Google DeepMind, we’re a team of scientists, engineers, machine learning experts and more, working together to advance the state of the art in artificial intelligence. We use our technologies for widespread public benefit and scientific discovery, and collaborate with others on critical challenges, ensuring safety and ethics are the highest priority.&lt;/p&gt;
&lt;h3&gt;...",,,,,False,False,True,[],other,8de25980fb3d71e5ca0bb9812400410e
6758578,"Machine Learning Software Engineer, Gemini",DeepMind,deepmind,"Mountain View, California, US",Bard,2025-03-31T16:02:05-04:00,https://job-boards.greenhouse.io/deepmind/jobs/6758578,https://boards.greenhouse.io/deepmind/jobs/6758578,"&lt;h2&gt;Snapshot&lt;/h2&gt;
&lt;p&gt;We are working on bringing capabilities and experiences from core Google Apps including Maps, YouTube, Flights, Hotels, and Photos into Gemini – all in service of making Gemini the best LLM-supercharged digital assistant there is. Our team of Applied ML Engineers are responsible for improving the quality and usefulness of our integrations, and building new agentic experiences powered by them.&lt;/p&gt;
&lt;h2&gt;About us&lt;/h2&gt;
&lt;p&gt;Artificial Intel...",,,,,False,False,True,['python'],ml_ai,9ec55a716886ddfd1ea9fd94addc8971
6745543,"Product Strategy & Operations, Technology Strategy",DeepMind,deepmind,"Mountain View, California, US","Central Operations, Responsibility, and Engagement",2025-03-31T17:39:10-04:00,https://job-boards.greenhouse.io/deepmind/jobs/6745543,https://boards.greenhouse.io/deepmind/jobs/6745543,"&lt;div&gt;
&lt;h2&gt;About us&lt;/h2&gt;
&lt;p&gt;Artificial Intelligence could be one of humanity’s most useful inventions. At Google DeepMind, we’re a team of scientists, engineers, machine learning experts and more, working together to advance the state of the art in artificial intelligence. We use our technologies for widespread public benefit and scientific discovery, and collaborate with others on critical challenges, ensuring safety and ethics are the highest priority.&lt;/p&gt;
&lt;p&gt...",,,,,False,False,True,[],other,e97b432bcf65501eb26965d23624aaeb
6604209,"Research Engineer, AI for Sustainability",DeepMind,deepmind,"Mountain View, California, US",Foundational Research,2025-03-31T09:06:55-04:00,https://job-boards.greenhouse.io/deepmind/jobs/6604209,https://boards.greenhouse.io/deepmind/jobs/6604209,"&lt;p&gt;&lt;strong&gt;Research Engineer, AI for Sustainability&lt;/strong&gt;&lt;br&gt;San Francisco / Mountain View, CA&lt;/p&gt;
&lt;p&gt;At Google DeepMind, we value diversity of experience, knowledge, backgrounds and perspectives and harness these qualities to create extraordinary impact. We are committed to equal employment opportunities regardless of sex, race, religion or belief, ethnic or national origin, disability, age, citizenship, marital, domestic or civil partnership status, sexua...",,,,,False,False,True,[],ml_ai,c6a81192f2c25e074f022c8e90bc07f5
6683440,"Research Engineer, Foundational Research",DeepMind,deepmind,"New York City, New York, US",Foundational Research,2025-03-31T09:06:55-04:00,https://job-boards.greenhouse.io/deepmind/jobs/6683440,https://boards.greenhouse.io/deepmind/jobs/6683440,"&lt;h2&gt;About Us&lt;/h2&gt;
&lt;p&gt;Artiifcial Intelligence could be one of humanity’s most useful inventions. At Google DeepMind, we’re a team of scientists, engineers, machine learning experts and more, working together to advance the state of the art in artificial intelligence. We use our technologies for widespread public benefit and scientific discovery, and collaborate with others on critical challenges, ensuring safety and ethics are the highest priority.&lt;/p&gt;
&lt;h2&gt;The Role&l...",,,,,False,False,True,"['python', 'pytorch']",other,f16ac6bf5ad7ae5f941982e494d92ec0
6752122,"Research Engineer, Robotics",DeepMind,deepmind,"Mountain View, California, US",Foundational Research,2025-03-31T18:01:29-04:00,https://job-boards.greenhouse.io/deepmind/jobs/6752122,https://boards.greenhouse.io/deepmind/jobs/6752122,"&lt;h1&gt;&lt;strong&gt;Research Engineer, Robotics&lt;/strong&gt;&lt;/h1&gt;
&lt;p&gt;Mountain View, CA&lt;/p&gt;
&lt;p&gt;At Google DeepMind, we value diversity of experience, knowledge, backgrounds and perspectives and harness these qualities to create extraordinary impact. We are committed to equal employment opportunity regardless of sex, race, religion or belief, ethnic or national origin, disability, age, citizenship, marital, domestic or civil partnership status, sexual orientation, gend...",,,,,False,False,True,['python'],other,78447cf1c5918f146b2e227fb9765405
5451723,"Research Scientist, Robotics - MTV",DeepMind,deepmind,"Mountain View, California, US",Foundational Research,2025-03-31T09:06:55-04:00,https://job-boards.greenhouse.io/deepmind/jobs/5451723,https://boards.greenhouse.io/deepmind/jobs/5451723,"&lt;h4&gt;Snapshot&lt;/h4&gt;
&lt;p&gt;We are looking for Research Scientists to join the Robotics team whose mission is to build “Embodied AI” - a robot brain capable of turning language instructions into useful physical actions -&amp;nbsp; to improve the lives of billions of people in the physical world.&lt;/p&gt;
&lt;h4&gt;The Role&lt;/h4&gt;
&lt;p&gt;Research Scientists work on a diverse and stimulating range of projects including: developing algorithms and prototype applications, providing ...",,,,,False,False,True,[],other,1569dc2ada647bb5679be6f2b4eb2c65
6349523,"Reward & Recognition Partner, 12 months Fixed Term Contract",DeepMind,deepmind,"Mountain View, California, US","Central Operations, Responsibility, and Engagement",2025-03-31T09:06:55-04:00,https://job-boards.greenhouse.io/deepmind/jobs/6349523,https://boards.greenhouse.io/deepmind/jobs/6349523,"&lt;p&gt;At Google DeepMind, we value diversity of experience, knowledge, backgrounds and perspectives and harness these qualities to create extraordinary impact. We are committed to equal employment opportunity regardless of sex, race, religion or belief, ethnic or national origin, disability, age, citizenship, marital, domestic or civil partnership status, sexual orientation, gender identity, pregnancy, or related condition (including breastfeeding) or any other basis as protected by applicabl...",,,,,False,False,True,['rest'],other,0f68dbc3810a5a1adc61b42fb725db8d
6750619,Social Media Content Creator,DeepMind,deepmind,"New York City, New York, US","Central Operations, Responsibility, and Engagement",2025-03-31T09:06:55-04:00,https://job-boards.greenhouse.io/deepmind/jobs/6750619,https://boards.greenhouse.io/deepmind/jobs/6750619,"&lt;h2&gt;Snapshot&lt;/h2&gt;
&lt;p&gt;We are looking for an experienced Social Media Content Creator to join the Communications team to maintain and grow Google DeepMind’s priority social media channels, deepen digital brand engagement, and drive positive sentiment.&lt;br&gt;&lt;br&gt;Reporting into the Social Media and Influencer Engagement Lead, you will work with teams across the organisation to curate and create social-first storytelling to bring our research, work and impact to life, suppo...",,,,,False,False,True,[],other,cdbde01a300876e6646fc11fe2b568f3
6587752,"Software Engineer, Electronic Design Automation",DeepMind,deepmind,"Mountain View, California, US",GenAI,2025-03-31T09:06:55-04:00,https://job-boards.greenhouse.io/deepmind/jobs/6587752,https://boards.greenhouse.io/deepmind/jobs/6587752,"&lt;h4&gt;Snapshot&lt;/h4&gt;
&lt;p&gt;We are looking for engineers who are passionate about building software for Electronic Design Automation (EDA) and are willing to roll up their sleeves and get things done. This is a hands-on coding role to help invent, implement and exploit new ideas in EDA and an exciting opportunity to build technology from the ground up to fundamentally impact the future of electronic design.&lt;/p&gt;
&lt;h4&gt;About Us&lt;/h4&gt;
&lt;p&gt;Artificial Intelligence could...",,,,,False,False,True,[],software_engineer,0df9f2c33be6869e9013c6067d163d7e
6660899,"Software Engineer, Large Scale Pre-Training Performance",DeepMind,deepmind,"Mountain View, California, US",GenAI,2025-03-31T09:06:55-04:00,https://job-boards.greenhouse.io/deepmind/jobs/6660899,https://boards.greenhouse.io/deepmind/jobs/6660899,"&lt;div&gt;&lt;strong&gt;Snapshot&lt;br&gt;&lt;br&gt;&lt;/strong&gt;&lt;/div&gt;
&lt;div&gt;We are seeking a software engineer to define, drive, and critically contribute to the next generation of the state-of-the-art ML models on TPU. As part of the Pre-Training team you will co-design the model, and implement critical components across Model architecture, ML frameworks, custom kernels and platform, to deliver frontier models with maximum efficiency.&lt;/div&gt;
&lt;div&gt;&amp;nbsp;&lt;/div&gt...",,,,,False,False,True,"['python', 'pytorch']",ml_ai,dac53164b7b24ae52cb5e421166f41ea
6363315,"Software Engineer, Robotics",DeepMind,deepmind,"Mountain View, California, US",Foundational Research,2025-03-31T09:06:55-04:00,https://job-boards.greenhouse.io/deepmind/jobs/6363315,https://boards.greenhouse.io/deepmind/jobs/6363315,"&lt;h2&gt;Snapshot&lt;/h2&gt;
&lt;p&gt;We are looking for an exceptional software engineer building and improving GDM Robotics&#39; end-to-end software stack, from latency sensitive on-robot software to large-scale data and ML pipelines. You&#39;ll play a crucial role in advancing our embodied AI technologies, and making a transformative impact in the real-world.&lt;/p&gt;
&lt;h2&gt;About us&lt;/h2&gt;
&lt;p&gt;Artificial Intelligence could be one of humanity’s most useful inventions. At Google ...",,,,,False,False,True,['python'],software_engineer,6d76c4e81c9e6908f0a6e3edb58ed65e
6293472,"Software Engineer, Training Infrastructure",DeepMind,deepmind,"Mountain View, California, US",GenAI,2025-03-31T09:06:55-04:00,https://job-boards.greenhouse.io/deepmind/jobs/6293472,https://boards.greenhouse.io/deepmind/jobs/6293472,"&lt;h2&gt;Snapshot&lt;/h2&gt;
&lt;p&gt;&lt;span style=&quot;font-weight: 400;&quot;&gt;Artificial Intelligence could be one of humanity’s most useful inventions. At Google DeepMind, we’re a team of scientists, engineers, machine learning experts and more, working together to advance the state of the art in artificial intelligence. We use our technologies for widespread public benefit and scientific discovery, and collaborate with others on critical challenges, ensuring safety and ethics are the ...",,,,0.0,True,False,True,[],ml_ai,90a17265f1881a15ae0742321f32a6a6
4835132004,General Opportunities - AMER,Dataiku,dataiku,Americas,General Opportunities,2025-04-01T05:29:58-04:00,https://job-boards.greenhouse.io/dataiku/jobs/4835132004,https://boards.greenhouse.io/dataiku/jobs/4835132004,"&lt;div class=&quot;content-intro&quot;&gt;&lt;p&gt;At Dataiku, we&#39;re not just adapting to the AI revolution, we&#39;re leading it. Since our beginning in Paris in 2013, we&#39;ve been pioneering the future of AI with a platform that makes data actionable and accessible. With over 1,000 teammates across 25 countries and backed by a renowned set of investors, we&#39;re the architects of Everyday AI, enabling data experts and domain experts to work together to build AI into their daily operati...",,,,,False,False,True,[],other,d3ccf1ed5afae5f17863e8144c2cff0e
4718483004,Site Reliability Engineer - Cloud,Dataiku,dataiku,"United States, New York",Dataiku Cloud,2025-04-01T05:29:58-04:00,https://job-boards.greenhouse.io/dataiku/jobs/4718483004,https://boards.greenhouse.io/dataiku/jobs/4718483004,"&lt;div class=&quot;content-intro&quot;&gt;&lt;p&gt;At Dataiku, we&#39;re not just adapting to the AI revolution, we&#39;re leading it. Since our beginning in Paris in 2013, we&#39;ve been pioneering the future of AI with a platform that makes data actionable and accessible. With over 1,000 teammates across 25 countries and backed by a renowned set of investors, we&#39;re the architects of Everyday AI, enabling data experts and domain experts to work together to build AI into their daily operati...",,,,,False,False,True,"['docker', 'kubernetes', 'terraform']",devops,8d5684b58fa8995d677ed13f35c2db82
6119522003,Android Engineer ,Fetch,fetchrewards,United States (Remote),Software Engineering,2025-03-31T10:07:11-04:00,https://job-boards.greenhouse.io/fetchrewards/jobs/6119522003,https://boards.greenhouse.io/fetchrewards/jobs/6119522003,"&lt;div class=&quot;content-intro&quot;&gt;&lt;p&gt;&lt;strong&gt;What we’re building and why we’re building it.&amp;nbsp;&lt;/strong&gt;&lt;/p&gt;
&lt;p&gt;Every month, millions of people use America’s Rewards App, earning rewards for buying brands they love – and a whole lot more. Whether shopping in the grocery aisle, grabbing a bite at the drive-through or playing a favorite mobile game, Fetch empowers consumers to live rewarded throughout their day. To date, we’ve delivered more than $1 bil...",,,,,False,True,True,"['android', 'ios']",mobile,d3daf68e2bed3e2f567c761771f332e4
6476947003,Android Engineer Apprentice,Fetch,fetchrewards,United States (Remote),Software Engineering,2025-03-31T10:07:11-04:00,https://job-boards.greenhouse.io/fetchrewards/jobs/6476947003,https://boards.greenhouse.io/fetchrewards/jobs/6476947003,"&lt;div class=&quot;content-intro&quot;&gt;&lt;p&gt;&lt;strong&gt;What we’re building and why we’re building it.&amp;nbsp;&lt;/strong&gt;&lt;/p&gt;
&lt;p&gt;Every month, millions of people use America’s Rewards App, earning rewards for buying brands they love – and a whole lot more. Whether shopping in the grocery aisle, grabbing a bite at the drive-through or playing a favorite mobile game, Fetch empowers consumers to live rewarded throughout their day. To date, we’ve delivered more than $1 bil...",,,,0.0,True,True,True,"['android', 'ios']",mobile,0a3ba29117a0502609e67ee865bd36ab
6336280003,Backend Engineer ,Fetch,fetchrewards,United States (Remote),Software Engineering,2025-03-31T10:07:11-04:00,https://job-boards.greenhouse.io/fetchrewards/jobs/6336280003,https://boards.greenhouse.io/fetchrewards/jobs/6336280003,"&lt;div class=&quot;content-intro&quot;&gt;&lt;p&gt;&lt;strong&gt;What we’re building and why we’re building it.&amp;nbsp;&lt;/strong&gt;&lt;/p&gt;
&lt;p&gt;Every month, millions of people use America’s Rewards App, earning rewards for buying brands they love – and a whole lot more. Whether shopping in the grocery aisle, grabbing a bite at the drive-through or playing a favorite mobile game, Fetch empowers consumers to live rewarded throughout their day. To date, we’ve delivered more than $1 bil...",,,,,False,True,True,"['go', 'javascript', 'kafka', 'kotlin', 'mongodb', 'mysql', 'react', 'redis', 'swift']",backend,9691c8001519fe2876306967aaa9fc42
6388112003,"Backend Engineer, Apprenticeship",Fetch,fetchrewards,"Chicago, Madison",Software Engineering,2025-03-31T10:07:11-04:00,https://job-boards.greenhouse.io/fetchrewards/jobs/6388112003,https://boards.greenhouse.io/fetchrewards/jobs/6388112003,"&lt;div class=&quot;content-intro&quot;&gt;&lt;p&gt;&lt;strong&gt;What we’re building and why we’re building it.&amp;nbsp;&lt;/strong&gt;&lt;/p&gt;
&lt;p&gt;Every month, millions of people use America’s Rewards App, earning rewards for buying brands they love – and a whole lot more. Whether shopping in the grocery aisle, grabbing a bite at the drive-through or playing a favorite mobile game, Fetch empowers consumers to live rewarded throughout their day. To date, we’ve delivered more than $1 bil...",,,,,False,False,True,"['go', 'java', 'javascript', 'kafka', 'kotlin', 'mongodb', 'mysql', 'node', 'python', 'react', 'redis', 'swift']",backend,6bbb0db4eaa8d29b0331e02d892e90d4
6394439003,Frontend Engineering Apprentice,Fetch,fetchrewards,"Chicago, Madison",Software Engineering,2025-03-31T10:07:11-04:00,https://job-boards.greenhouse.io/fetchrewards/jobs/6394439003,https://boards.greenhouse.io/fetchrewards/jobs/6394439003,"&lt;div class=&quot;content-intro&quot;&gt;&lt;p&gt;&lt;strong&gt;What we’re building and why we’re building it.&amp;nbsp;&lt;/strong&gt;&lt;/p&gt;
&lt;p&gt;Every month, millions of people use America’s Rewards App, earning rewards for buying brands they love – and a whole lot more. Whether shopping in the grocery aisle, grabbing a bite at the drive-through or playing a favorite mobile game, Fetch empowers consumers to live rewarded throughout their day. To date, we’ve delivered more than $1 bil...",,,,0.0,True,False,True,"['javascript', 'react', 'svelte', 'typescript']",frontend,3a782892e66303af4f061d15dd2c8a95
6339552003,"iOS Engineer, Apprenticeship ",Fetch,fetchrewards,United States (Remote),Software Engineering,2025-03-31T10:07:11-04:00,https://job-boards.greenhouse.io/fetchrewards/jobs/6339552003,https://boards.greenhouse.io/fetchrewards/jobs/6339552003,"&lt;div class=&quot;content-intro&quot;&gt;&lt;p&gt;&lt;strong&gt;What we’re building and why we’re building it.&amp;nbsp;&lt;/strong&gt;&lt;/p&gt;
&lt;p&gt;Every month, millions of people use America’s Rewards App, earning rewards for buying brands they love – and a whole lot more. Whether shopping in the grocery aisle, grabbing a bite at the drive-through or playing a favorite mobile game, Fetch empowers consumers to live rewarded throughout their day. To date, we’ve delivered more than $1 bil...",,,,,False,True,True,"['ios', 'swift']",mobile,c3c1f85a52f0b09da4fad43579ecce35
6331305003,"Machine Learning Engineer, Apprentice",Fetch,fetchrewards,"Chicago, Madison",Software Engineering,2025-03-31T10:07:11-04:00,https://job-boards.greenhouse.io/fetchrewards/jobs/6331305003,https://boards.greenhouse.io/fetchrewards/jobs/6331305003,"&lt;div class=&quot;content-intro&quot;&gt;&lt;p&gt;&lt;strong&gt;What we’re building and why we’re building it.&amp;nbsp;&lt;/strong&gt;&lt;/p&gt;
&lt;p&gt;Every month, millions of people use America’s Rewards App, earning rewards for buying brands they love – and a whole lot more. Whether shopping in the grocery aisle, grabbing a bite at the drive-through or playing a favorite mobile game, Fetch empowers consumers to live rewarded throughout their day. To date, we’ve delivered more than $1 bil...",,,,0.0,True,False,True,"['aws', 'python', 'pytorch', 'tensorflow']",ml_ai,499df36badcb6e147b3ed322f9090676
6386479003,Product Designer - Consumer,Fetch,fetchrewards,United States (Remote),Product Design,2025-03-31T10:07:11-04:00,https://job-boards.greenhouse.io/fetchrewards/jobs/6386479003,https://boards.greenhouse.io/fetchrewards/jobs/6386479003,"&lt;div class=&quot;content-intro&quot;&gt;&lt;p&gt;&lt;strong&gt;What we’re building and why we’re building it.&amp;nbsp;&lt;/strong&gt;&lt;/p&gt;
&lt;p&gt;Every month, millions of people use America’s Rewards App, earning rewards for buying brands they love – and a whole lot more. Whether shopping in the grocery aisle, grabbing a bite at the drive-through or playing a favorite mobile game, Fetch empowers consumers to live rewarded throughout their day. To date, we’ve delivered more than $1 bil...",,,,,False,True,True,[],other,b57fb0c4f533567225204589316a3d54
6256203003,Site Reliability Engineer ,Fetch,fetchrewards,United States (Remote),Data,2025-03-31T10:07:11-04:00,https://job-boards.greenhouse.io/fetchrewards/jobs/6256203003,https://boards.greenhouse.io/fetchrewards/jobs/6256203003,"&lt;div class=&quot;content-intro&quot;&gt;&lt;p&gt;&lt;strong&gt;What we’re building and why we’re building it.&amp;nbsp;&lt;/strong&gt;&lt;/p&gt;
&lt;p&gt;Every month, millions of people use America’s Rewards App, earning rewards for buying brands they love – and a whole lot more. Whether shopping in the grocery aisle, grabbing a bite at the drive-through or playing a favorite mobile game, Fetch empowers consumers to live rewarded throughout their day. To date, we’ve delivered more than $1 bil...",,,,,False,True,True,"['aws', 'azure', 'gcp', 'go', 'java', 'python']",devops,3d25370a364b4cc2a70c164d5b555351
6390181003,Sr. IT Engineer,Fetch,fetchrewards,"Madison, WI",Data,2025-03-31T10:07:11-04:00,https://job-boards.greenhouse.io/fetchrewards/jobs/6390181003,https://boards.greenhouse.io/fetchrewards/jobs/6390181003,"&lt;div class=&quot;content-intro&quot;&gt;&lt;p&gt;&lt;strong&gt;What we’re building and why we’re building it.&amp;nbsp;&lt;/strong&gt;&lt;/p&gt;
&lt;p&gt;Every month, millions of people use America’s Rewards App, earning rewards for buying brands they love – and a whole lot more. Whether shopping in the grocery aisle, grabbing a bite at the drive-through or playing a favorite mobile game, Fetch empowers consumers to live rewarded throughout their day. To date, we’ve delivered more than $1 bil...",,,,,False,False,True,"['aws', 'azure']",other,9789a47c94fe70bcfafc1acca2b35ad8
6228272003,Sr. Operations Analyst,Fetch,fetchrewards,United States (Remote),Data,2025-03-31T10:07:11-04:00,https://job-boards.greenhouse.io/fetchrewards/jobs/6228272003,https://boards.greenhouse.io/fetchrewards/jobs/6228272003,"&lt;div class=&quot;content-intro&quot;&gt;&lt;p&gt;&lt;strong&gt;What we’re building and why we’re building it.&amp;nbsp;&lt;/strong&gt;&lt;/p&gt;
&lt;p&gt;Every month, millions of people use America’s Rewards App, earning rewards for buying brands they love – and a whole lot more. Whether shopping in the grocery aisle, grabbing a bite at the drive-through or playing a favorite mobile game, Fetch empowers consumers to live rewarded throughout their day. To date, we’ve delivered more than $1 bil...",,,,,False,True,True,"['airflow', 'aws', 'dbt', 'grafana', 'microservices', 'python', 'sql', 'tableau']",other,4080b08ecd21ebfe297bb83fd1e16a9f
5358480004,Software Engineer - Internal Tools,Figma,figma,"San Francisco, CA • New York, NY • United States",Engineering,2025-03-31T16:03:17-04:00,https://boards.greenhouse.io/figma/jobs/5358480004?gh_jid=5358480004,https://boards.greenhouse.io/figma/jobs/5358480004,"&lt;div class=&quot;content-intro&quot;&gt;&lt;p&gt;Figma is growing our team of passionate people on a mission to make design accessible to all. &lt;a class=&quot;notion-link-token notion-enable-hover&quot; href=&quot;https://www.figma.com/blog/meet-us-in-the-browser/&quot; target=&quot;_blank&quot; data-token-index=&quot;1&quot; data-reactroot=&quot;&quot;&gt;Born on the Web&lt;/a&gt;, Figma helps entire product teams &lt;a class=&quot;notion-link-token notion-enable-hover&quot; href=&quot;htt...",,,,,False,False,True,"['go', 'grafana', 'javascript', 'prometheus', 'python', 'react', 'ruby', 'rust', 'typescript']",software_engineer,6623f0ac35f822a1e7ec642b8444e9ae
6748580,Data Scientist ,G2,g2crowd,Remote (US),Product R&D,2025-03-31T21:04:11-04:00,https://job-boards.greenhouse.io/g2crowd/jobs/6748580,https://boards.greenhouse.io/g2crowd/jobs/6748580,"&lt;p&gt;&lt;strong&gt;About G2 - Our People&amp;nbsp;&lt;/strong&gt;&lt;/p&gt;
&lt;p&gt;&lt;span style=&quot;font-weight: 400;&quot;&gt;G2 was founded to create a place where people will love to work. We strive to create meaning in work and provide more than just a job: a true calling. At the heart of our community and culture are our people. Our global G2 team comes from a wide range of backgrounds and experiences, and that’s what makes our G2 community&amp;nbsp; strong and vibrant. We want ev...",,,,0.0,True,True,True,"['aws', 'docker', 'flask', 'python', 'sql', 'tensorflow']",data,650bc695b6589932a3f1a27b440dc33d
6679396,Technical Strategy Analyst,Capco,capco,US - New York,Tech & Engineering,2025-03-31T08:54:29-04:00,https://boards.greenhouse.io/capco/jobs/6679396,https://boards.greenhouse.io/capco/jobs/6679396,"&lt;p&gt;&lt;strong&gt;&lt;span data-contrast=&quot;none&quot;&gt;About the team:&lt;/span&gt;&lt;/strong&gt;&lt;span data-ccp-props=&quot;{&amp;quot;201341983&amp;quot;:0,&amp;quot;335559739&amp;quot;:0,&amp;quot;335559740&amp;quot;:240}&quot;&gt;&amp;nbsp;&lt;/span&gt;&lt;/p&gt;
&lt;p&gt;&lt;span data-contrast=&quot;none&quot;&gt;At the Capco Technology Delivery Center, we are dedicated to the financial services industries. Our professionals combine innovative thinking with unrivalled industry...",,,,2.0,True,False,True,['ci/cd'],other,7c2ca8b309b3bd6011e17fc89c70b327
6356355,"Software Engineer, Full-Stack",Grammarly,grammarly,San Francisco; Hybrid,Engineering,2025-03-31T16:00:40-04:00,https://job-boards.greenhouse.io/grammarly/jobs/6356355,https://boards.greenhouse.io/grammarly/jobs/6356355,"&lt;p&gt;&lt;em&gt;Grammarly offers a dynamic hybrid working model for this role. This flexible approach gives team members the best of both worlds: plenty of focus time along with in-person collaboration that helps foster trust, innovation, and a strong team culture. &amp;nbsp; &amp;nbsp; &amp;nbsp; &amp;nbsp; &amp;nbsp; &amp;nbsp;&lt;br&gt;&lt;/em&gt;&lt;/p&gt;
&lt;h3&gt;&lt;strong&gt;About Grammarly&lt;/strong&gt;&lt;/h3&gt;
&lt;p&gt;&lt;a href=&quot;http://grammarly.com/about&quot;&gt;Gramma...",,,,,False,False,True,[],fullstack,721b158b698e7666319b55131a56fe6b
4554894101,Data Engineer,Invisible Technologies,invisibletech,New York; San Francisco,Engineering,2025-03-31T12:24:18-04:00,https://job-boards.eu.greenhouse.io/invisibletech/jobs/4554894101,https://boards.greenhouse.io/invisibletech/jobs/4554894101,"&lt;div class=&quot;content-intro&quot;&gt;&lt;h2&gt;&lt;strong&gt;About Invisible&lt;/strong&gt;&lt;/h2&gt;
&lt;p&gt;Invisible Technologies is the AI training and scaling partner for the leading foundation model providers, enterprises, and governments, bridging the gap between AI potential and production. Invisible’s unique AI Process Platform combines elite global human expertise, cutting edge technology, and deep institutional knowledge gained by training 80% of the world’s leading AI models....",,,,0.0,True,False,True,"['aws', 'dbt', 'etl', 'python', 'spark', 'terraform']",data,6e72c682519702d9915d89ad96d19930
4559719101,Data Scientist II,Invisible Technologies,invisibletech,New York; San Francisco,Analytics,2025-03-31T12:24:18-04:00,https://job-boards.eu.greenhouse.io/invisibletech/jobs/4559719101,https://boards.greenhouse.io/invisibletech/jobs/4559719101,"&lt;div class=&quot;content-intro&quot;&gt;&lt;h2&gt;&lt;strong&gt;About Invisible&lt;/strong&gt;&lt;/h2&gt;
&lt;p&gt;Invisible Technologies is the AI training and scaling partner for the leading foundation model providers, enterprises, and governments, bridging the gap between AI potential and production. Invisible’s unique AI Process Platform combines elite global human expertise, cutting edge technology, and deep institutional knowledge gained by training 80% of the world’s leading AI models....",,,,0.0,True,False,True,"['aws', 'azure', 'looker', 'power bi', 'python', 'pytorch', 'r', 'scikit-learn', 'sql', 'tableau', 'tensorflow']",data,85fc42143ce8f52d5dd686ae449c730a
6101870003,Machine Learning Engineer Intern,Moloco,moloco,United States,Engineering,2025-03-31T17:39:15-04:00,https://job-boards.greenhouse.io/moloco/jobs/6101870003,https://boards.greenhouse.io/moloco/jobs/6101870003,"&lt;div class=&quot;content-intro&quot;&gt;&lt;p&gt;&lt;strong&gt;About Moloco:&lt;/strong&gt;&lt;/p&gt;
&lt;p&gt;Moloco is a machine learning company empowering organizations of all sizes to grow and unlock the full value of their unique first-party data, elevating the traditional path to performance advertising. While the largest technology companies have proven the speed and scale of ad-targeting utilizing data— the same robust performance powered by machine learning has previously been unava...",,,,0.0,True,False,True,"['go', 'kubernetes', 'tensorflow']",ml_ai,8aac32c0b84316b3b39dba88e55eb921
6509349003,"Software Engineer, Ads Infrastructure - Measurement",Moloco,moloco,"Seattle, Washington, United States",Ads Infrastructure,2025-03-31T17:39:15-04:00,https://job-boards.greenhouse.io/moloco/jobs/6509349003,https://boards.greenhouse.io/moloco/jobs/6509349003,"&lt;div class=&quot;content-intro&quot;&gt;&lt;p&gt;&lt;strong&gt;About Moloco:&lt;/strong&gt;&lt;/p&gt;
&lt;p&gt;Moloco is a machine learning company empowering organizations of all sizes to grow and unlock the full value of their unique first-party data, elevating the traditional path to performance advertising. While the largest technology companies have proven the speed and scale of ad-targeting utilizing data— the same robust performance powered by machine learning has previously been unava...",,,,,False,False,True,"['aws', 'azure', 'gcp', 'go', 'sql']",software_engineer,d720ba632d80f17777371cd4ca07d268
6513974003,"Software Engineer, Ads Infrastructure - Supply",Moloco,moloco,"Seattle, Washington, United States",Ads Infrastructure,2025-03-31T17:39:15-04:00,https://job-boards.greenhouse.io/moloco/jobs/6513974003,https://boards.greenhouse.io/moloco/jobs/6513974003,"&lt;div class=&quot;content-intro&quot;&gt;&lt;p&gt;&lt;strong&gt;About Moloco:&lt;/strong&gt;&lt;/p&gt;
&lt;p&gt;Moloco is a machine learning company empowering organizations of all sizes to grow and unlock the full value of their unique first-party data, elevating the traditional path to performance advertising. While the largest technology companies have proven the speed and scale of ad-targeting utilizing data— the same robust performance powered by machine learning has previously been unava...",,,,,False,False,True,"['aws', 'azure', 'gcp', 'go', 'java', 'kotlin']",software_engineer,2b8281d807cb768bc340e1554065c45e
6101745003,Software Engineer Intern,Moloco,moloco,United States,Engineering,2025-03-31T17:39:15-04:00,https://job-boards.greenhouse.io/moloco/jobs/6101745003,https://boards.greenhouse.io/moloco/jobs/6101745003,"&lt;div class=&quot;content-intro&quot;&gt;&lt;p&gt;&lt;strong&gt;About Moloco:&lt;/strong&gt;&lt;/p&gt;
&lt;p&gt;Moloco is a machine learning company empowering organizations of all sizes to grow and unlock the full value of their unique first-party data, elevating the traditional path to performance advertising. While the largest technology companies have proven the speed and scale of ad-targeting utilizing data— the same robust performance powered by machine learning has previously been unava...",,,,0.0,True,False,True,"['go', 'java', 'rust']",software_engineer,221714ff2d2a2d40308164617e0218ff
6283663003,Embedded Software Engineer Intern,Neuralink,neuralink,"Fremont, California, United States",Internships,2025-03-30T18:21:14-04:00,https://boards.greenhouse.io/neuralink/jobs/6283663003?gh_jid=6283663003,https://boards.greenhouse.io/neuralink/jobs/6283663003,"&lt;div class=&quot;content-intro&quot;&gt;&lt;p&gt;&lt;strong&gt;About Neuralink:&lt;/strong&gt;&lt;/p&gt;
&lt;p&gt;We are creating devices that enable a bi-directional interface with the brain. These devices allow us to restore movement to the paralyzed, restore sight to the blind, and revolutionize how humans interact with their digital world.&lt;/p&gt;&lt;/div&gt;&lt;div class=&quot;description&quot;&gt;
&lt;div class=&quot;description&quot;&gt;
&lt;p&gt;&lt;strong&gt;Team Description:&lt;/s...",,,,0.0,True,False,True,['python'],software_engineer,fbc14a50e0a3ed2608139cc67473a7d5
6021322003,Firmware Engineer,Neuralink,neuralink,"Fremont, California, United States",Surgery & Robot Hardware,2025-03-30T18:21:14-04:00,https://boards.greenhouse.io/neuralink/jobs/6021322003?gh_jid=6021322003,https://boards.greenhouse.io/neuralink/jobs/6021322003,"&lt;div class=&quot;content-intro&quot;&gt;&lt;p&gt;&lt;strong&gt;About Neuralink:&lt;/strong&gt;&lt;/p&gt;
&lt;p&gt;We are creating devices that enable a bi-directional interface with the brain. These devices allow us to restore movement to the paralyzed, restore sight to the blind, and revolutionize how humans interact with their digital world.&lt;/p&gt;&lt;/div&gt;&lt;p&gt;&lt;strong&gt;Team Description:&lt;/strong&gt;&lt;/p&gt;
&lt;p&gt;At Neuralink, we&#39;re engineering the future of autom...",,,,2.0,True,False,True,['rust'],other,e25dd4043f03a03b20bb5f47b76c92f9
6306002003,Firmware Engineer,Neuralink,neuralink,"Austin, Texas, United States",Surgery & Robot Hardware,2025-03-30T18:21:14-04:00,https://boards.greenhouse.io/neuralink/jobs/6306002003?gh_jid=6306002003,https://boards.greenhouse.io/neuralink/jobs/6306002003,"&lt;div class=&quot;content-intro&quot;&gt;&lt;p&gt;&lt;strong&gt;About Neuralink:&lt;/strong&gt;&lt;/p&gt;
&lt;p&gt;We are creating devices that enable a bi-directional interface with the brain. These devices allow us to restore movement to the paralyzed, restore sight to the blind, and revolutionize how humans interact with their digital world.&lt;/p&gt;&lt;/div&gt;&lt;p&gt;&lt;strong&gt;Team Description:&lt;/strong&gt;&lt;/p&gt;
&lt;p&gt;At Neuralink, we&#39;re engineering the future of autom...",,,,2.0,True,False,True,['rust'],other,e25dd4043f03a03b20bb5f47b76c92f9
6061695003,Infrastructure Engineer,Neuralink,neuralink,"Fremont, California, United States",Software,2025-03-30T18:21:14-04:00,https://boards.greenhouse.io/neuralink/jobs/6061695003?gh_jid=6061695003,https://boards.greenhouse.io/neuralink/jobs/6061695003,"&lt;div class=&quot;content-intro&quot;&gt;&lt;p&gt;&lt;strong&gt;About Neuralink:&lt;/strong&gt;&lt;/p&gt;
&lt;p&gt;We are creating devices that enable a bi-directional interface with the brain. These devices allow us to restore movement to the paralyzed, restore sight to the blind, and revolutionize how humans interact with their digital world.&lt;/p&gt;&lt;/div&gt;&lt;p&gt;&lt;strong&gt;Team Description:&amp;nbsp;&lt;/strong&gt;&lt;/p&gt;
&lt;p&gt;The Infrastructure Team builds the foundation...",,,,,False,False,True,"['ansible', 'docker', 'rust', 'terraform']",other,6aa8bd840cbb0e8ef3ecc0e52b56392f
6061759003,Infrastructure Engineer,Neuralink,neuralink,"Austin, Texas, United States",Software,2025-03-30T18:21:14-04:00,https://boards.greenhouse.io/neuralink/jobs/6061759003?gh_jid=6061759003,https://boards.greenhouse.io/neuralink/jobs/6061759003,"&lt;div class=&quot;content-intro&quot;&gt;&lt;p&gt;&lt;strong&gt;About Neuralink:&lt;/strong&gt;&lt;/p&gt;
&lt;p&gt;We are creating devices that enable a bi-directional interface with the brain. These devices allow us to restore movement to the paralyzed, restore sight to the blind, and revolutionize how humans interact with their digital world.&lt;/p&gt;&lt;/div&gt;&lt;p&gt;&lt;strong&gt;Team Description:&amp;nbsp;&lt;/strong&gt;&lt;/p&gt;
&lt;p&gt;The Infrastructure Team builds the foundation...",,,,,False,False,True,"['ansible', 'docker', 'rust', 'terraform']",other,6aa8bd840cbb0e8ef3ecc0e52b56392f
6506921003,Internal Auditor,Neuralink,neuralink,"Austin, Texas, United States",Quality Department,2025-03-30T18:21:14-04:00,https://boards.greenhouse.io/neuralink/jobs/6506921003?gh_jid=6506921003,https://boards.greenhouse.io/neuralink/jobs/6506921003,"&lt;div class=&quot;content-intro&quot;&gt;&lt;p&gt;&lt;strong&gt;About Neuralink:&lt;/strong&gt;&lt;/p&gt;
&lt;p&gt;We are creating devices that enable a bi-directional interface with the brain. These devices allow us to restore movement to the paralyzed, restore sight to the blind, and revolutionize how humans interact with their digital world.&lt;/p&gt;&lt;/div&gt;&lt;p&gt;&lt;strong&gt;Team Description:&amp;nbsp;&lt;/strong&gt;&lt;/p&gt;
&lt;p&gt;Join the Quality Team, where our mission is t...",,,,2.0,True,False,True,['gcp'],other,8e94be1a5bb17e8a670ad1a06501df3c
6500084003,IT Systems Engineer,Neuralink,neuralink,"Fremont, California, United States",Software,2025-03-30T18:21:14-04:00,https://boards.greenhouse.io/neuralink/jobs/6500084003?gh_jid=6500084003,https://boards.greenhouse.io/neuralink/jobs/6500084003,"&lt;div class=&quot;content-intro&quot;&gt;&lt;p&gt;&lt;strong&gt;About Neuralink:&lt;/strong&gt;&lt;/p&gt;
&lt;p&gt;We are creating devices that enable a bi-directional interface with the brain. These devices allow us to restore movement to the paralyzed, restore sight to the blind, and revolutionize how humans interact with their digital world.&lt;/p&gt;&lt;/div&gt;&lt;p&gt;&lt;strong&gt;Team Description:&lt;/strong&gt;&lt;/p&gt;
&lt;p&gt;For Neuralink&#39;s Information Technology team, the co...",,,,,False,False,True,"['ansible', 'bash', 'ci/cd', 'docker', 'gitlab', 'python', 'terraform']",other,c156a9605b506718a70430d08785cffb
6346716003,IT Systems Engineer Intern,Neuralink,neuralink,"Fremont, California, United States",Internships,2025-03-30T18:21:14-04:00,https://boards.greenhouse.io/neuralink/jobs/6346716003?gh_jid=6346716003,https://boards.greenhouse.io/neuralink/jobs/6346716003,"&lt;div class=&quot;content-intro&quot;&gt;&lt;p&gt;&lt;strong&gt;About Neuralink:&lt;/strong&gt;&lt;/p&gt;
&lt;p&gt;We are creating devices that enable a bi-directional interface with the brain. These devices allow us to restore movement to the paralyzed, restore sight to the blind, and revolutionize how humans interact with their digital world.&lt;/p&gt;&lt;/div&gt;&lt;p&gt;&lt;strong&gt;Team Description:&lt;/strong&gt;&lt;/p&gt;
&lt;p&gt;For Neuralink&#39;s Information Technology team, the co...",,,,0.0,True,False,True,"['ansible', 'bash', 'ci/cd', 'docker', 'gitlab', 'python', 'terraform']",other,94e540066e12a7d999a872b249b595e7
5663271003,Machine Learning Engineer,Neuralink,neuralink,"Fremont, California, United States",BCI Applications,2025-03-30T18:21:14-04:00,https://boards.greenhouse.io/neuralink/jobs/5663271003?gh_jid=5663271003,https://boards.greenhouse.io/neuralink/jobs/5663271003,"&lt;div class=&quot;content-intro&quot;&gt;&lt;p&gt;&lt;strong&gt;About Neuralink:&lt;/strong&gt;&lt;/p&gt;
&lt;p&gt;We are creating devices that enable a bi-directional interface with the brain. These devices allow us to restore movement to the paralyzed, restore sight to the blind, and revolutionize how humans interact with their digital world.&lt;/p&gt;&lt;/div&gt;&lt;h4&gt;&lt;strong&gt;About the Team:&lt;/strong&gt;&lt;/h4&gt;
&lt;p&gt;The BCI team develops the software and systems that com...",,,,,False,False,True,"['python', 'rust']",ml_ai,e3c1d6d01edff3f3e8529dce3cd3d14b
6521553003,"Software Engineer, Data Engineering",Neuralink,neuralink,"Fremont, California, United States",Software,2025-03-30T18:21:14-04:00,https://boards.greenhouse.io/neuralink/jobs/6521553003?gh_jid=6521553003,https://boards.greenhouse.io/neuralink/jobs/6521553003,"&lt;div class=&quot;content-intro&quot;&gt;&lt;p&gt;&lt;strong&gt;About Neuralink:&lt;/strong&gt;&lt;/p&gt;
&lt;p&gt;We are creating devices that enable a bi-directional interface with the brain. These devices allow us to restore movement to the paralyzed, restore sight to the blind, and revolutionize how humans interact with their digital world.&lt;/p&gt;&lt;/div&gt;&lt;p&gt;&lt;strong&gt;Team Description:&lt;/strong&gt;&lt;/p&gt;
&lt;p&gt;The Data Engineering Team works closely with other team...",,,,2.0,True,False,True,"['hadoop', 'python', 'rust', 'spark']",data,fab4319e88404d282833e98f97343fc3
6521543003,"Software Engineer, Data Engineering",Neuralink,neuralink,"Austin, Texas, United States",Software,2025-03-30T18:21:14-04:00,https://boards.greenhouse.io/neuralink/jobs/6521543003?gh_jid=6521543003,https://boards.greenhouse.io/neuralink/jobs/6521543003,"&lt;div class=&quot;content-intro&quot;&gt;&lt;p&gt;&lt;strong&gt;About Neuralink:&lt;/strong&gt;&lt;/p&gt;
&lt;p&gt;We are creating devices that enable a bi-directional interface with the brain. These devices allow us to restore movement to the paralyzed, restore sight to the blind, and revolutionize how humans interact with their digital world.&lt;/p&gt;&lt;/div&gt;&lt;p&gt;&lt;strong&gt;Team Description:&lt;/strong&gt;&lt;/p&gt;
&lt;p&gt;The Data Engineering Team works closely with other team...",,,,2.0,True,False,True,"['hadoop', 'python', 'rust', 'spark']",data,fab4319e88404d282833e98f97343fc3
6353417003,"Software Engineer, Implant Manufacturing",Neuralink,neuralink,"Austin, Texas, United States",Software,2025-03-31T12:10:42-04:00,https://boards.greenhouse.io/neuralink/jobs/6353417003?gh_jid=6353417003,https://boards.greenhouse.io/neuralink/jobs/6353417003,"&lt;div class=&quot;content-intro&quot;&gt;&lt;p&gt;&lt;strong&gt;About Neuralink:&lt;/strong&gt;&lt;/p&gt;
&lt;p&gt;We are creating devices that enable a bi-directional interface with the brain. These devices allow us to restore movement to the paralyzed, restore sight to the blind, and revolutionize how humans interact with their digital world.&lt;/p&gt;&lt;/div&gt;&lt;p&gt;&lt;strong&gt;Team Description:&lt;/strong&gt;&lt;/p&gt;
&lt;p&gt;Join the Brain Interfaces Software Team and be part of ...",,,,,False,False,True,"['python', 'rust']",software_engineer,1879460ebae7a7fba6e44cc0dd5cc751
6083322003,"Software Engineer Intern, Lab Systems",Neuralink,neuralink,"Fremont, California, United States",Internships,2025-03-30T18:21:14-04:00,https://boards.greenhouse.io/neuralink/jobs/6083322003?gh_jid=6083322003,https://boards.greenhouse.io/neuralink/jobs/6083322003,"&lt;div class=&quot;content-intro&quot;&gt;&lt;p&gt;&lt;strong&gt;About Neuralink:&lt;/strong&gt;&lt;/p&gt;
&lt;p&gt;We are creating devices that enable a bi-directional interface with the brain. These devices allow us to restore movement to the paralyzed, restore sight to the blind, and revolutionize how humans interact with their digital world.&lt;/p&gt;&lt;/div&gt;&lt;p&gt;&lt;span style=&quot;font-size: 10pt;&quot;&gt;&lt;strong&gt;Team Description:&lt;/strong&gt;&lt;/span&gt;&lt;/p&gt;
&lt;...",,,,0.0,True,False,True,"['django', 'javascript', 'python', 'rails', 'ruby', 'rust']",software_engineer,7cde8f30a864109eaace1ac6c1bbb75c
6299258003,"Software Engineer Intern, Lab Systems",Neuralink,neuralink,"Austin, Texas, United States",Internships,2025-03-30T18:21:14-04:00,https://boards.greenhouse.io/neuralink/jobs/6299258003?gh_jid=6299258003,https://boards.greenhouse.io/neuralink/jobs/6299258003,"&lt;div class=&quot;content-intro&quot;&gt;&lt;p&gt;&lt;strong&gt;About Neuralink:&lt;/strong&gt;&lt;/p&gt;
&lt;p&gt;We are creating devices that enable a bi-directional interface with the brain. These devices allow us to restore movement to the paralyzed, restore sight to the blind, and revolutionize how humans interact with their digital world.&lt;/p&gt;&lt;/div&gt;&lt;p&gt;&lt;strong&gt;Team Description:&lt;/strong&gt;&lt;/p&gt;
&lt;p&gt;The Lab Systems Software Team works closely with other ...",,,,0.0,True,False,True,"['django', 'javascript', 'python', 'rails', 'ruby', 'rust']",software_engineer,7cde8f30a864109eaace1ac6c1bbb75c
6326531003,"Software Engineer Intern, Robotics",Neuralink,neuralink,"Austin, Texas, United States",Internships,2025-03-30T18:21:14-04:00,https://boards.greenhouse.io/neuralink/jobs/6326531003?gh_jid=6326531003,https://boards.greenhouse.io/neuralink/jobs/6326531003,"&lt;div class=&quot;content-intro&quot;&gt;&lt;p&gt;&lt;strong&gt;About Neuralink:&lt;/strong&gt;&lt;/p&gt;
&lt;p&gt;We are creating devices that enable a bi-directional interface with the brain. These devices allow us to restore movement to the paralyzed, restore sight to the blind, and revolutionize how humans interact with their digital world.&lt;/p&gt;&lt;/div&gt;&lt;p&gt;&lt;strong&gt;Team Description:&lt;/strong&gt;&lt;strong&gt;&lt;br&gt;&lt;/strong&gt;&lt;/p&gt;
&lt;p&gt;The Robot Softwa...",,,,0.0,True,False,True,['rust'],software_engineer,0a4b3926d2c0abbf8a6572e2eb16bb39
5469305003,"Software Engineer Intern, Robotics",Neuralink,neuralink,"Fremont, California, United States",Internships,2025-03-30T18:21:14-04:00,https://boards.greenhouse.io/neuralink/jobs/5469305003?gh_jid=5469305003,https://boards.greenhouse.io/neuralink/jobs/5469305003,"&lt;div class=&quot;content-intro&quot;&gt;&lt;p&gt;&lt;strong&gt;About Neuralink:&lt;/strong&gt;&lt;/p&gt;
&lt;p&gt;We are creating devices that enable a bi-directional interface with the brain. These devices allow us to restore movement to the paralyzed, restore sight to the blind, and revolutionize how humans interact with their digital world.&lt;/p&gt;&lt;/div&gt;&lt;p&gt;&lt;strong&gt;Team Description:&lt;/strong&gt;&lt;strong&gt;&lt;br&gt;&lt;/strong&gt;&lt;/p&gt;
&lt;p&gt;The Robot Softwa...",,,,0.0,True,False,True,['rust'],software_engineer,0a4b3926d2c0abbf8a6572e2eb16bb39
5469298003,"Software Engineer Intern, Site Reliability Engineer",Neuralink,neuralink,"Fremont, California, United States",Internships,2025-03-30T18:21:14-04:00,https://boards.greenhouse.io/neuralink/jobs/5469298003?gh_jid=5469298003,https://boards.greenhouse.io/neuralink/jobs/5469298003,"&lt;div class=&quot;content-intro&quot;&gt;&lt;p&gt;&lt;strong&gt;About Neuralink:&lt;/strong&gt;&lt;/p&gt;
&lt;p&gt;We are creating devices that enable a bi-directional interface with the brain. These devices allow us to restore movement to the paralyzed, restore sight to the blind, and revolutionize how humans interact with their digital world.&lt;/p&gt;&lt;/div&gt;&lt;p&gt;&lt;strong&gt;Team Description:&amp;nbsp;&lt;/strong&gt;&lt;/p&gt;
&lt;p&gt;The Infrastructure Team builds the foundation...",,,,0.0,True,False,True,"['ansible', 'docker', 'rust', 'terraform']",devops,2fdefb8eeed051937bc1942b5b7a3730
6491911003,"Software Engineer, Lab Systems",Neuralink,neuralink,"Fremont, California, United States",Software,2025-03-31T12:10:03-04:00,https://boards.greenhouse.io/neuralink/jobs/6491911003?gh_jid=6491911003,https://boards.greenhouse.io/neuralink/jobs/6491911003,"&lt;div class=&quot;content-intro&quot;&gt;&lt;p&gt;&lt;strong&gt;About Neuralink:&lt;/strong&gt;&lt;/p&gt;
&lt;p&gt;We are creating devices that enable a bi-directional interface with the brain. These devices allow us to restore movement to the paralyzed, restore sight to the blind, and revolutionize how humans interact with their digital world.&lt;/p&gt;&lt;/div&gt;&lt;p&gt;&lt;strong&gt;Team Description:&lt;/strong&gt;&lt;/p&gt;
&lt;p&gt;The Lab Systems Software Team works closely with other ...",,,,2.0,True,False,True,[],software_engineer,ccfc3742fc132b52e8e5b3d2861c7096
6521585003,"Software Engineer, Lab Systems",Neuralink,neuralink,"Austin, Texas, United States",Software,2025-03-31T12:10:03-04:00,https://boards.greenhouse.io/neuralink/jobs/6521585003?gh_jid=6521585003,https://boards.greenhouse.io/neuralink/jobs/6521585003,"&lt;div class=&quot;content-intro&quot;&gt;&lt;p&gt;&lt;strong&gt;About Neuralink:&lt;/strong&gt;&lt;/p&gt;
&lt;p&gt;We are creating devices that enable a bi-directional interface with the brain. These devices allow us to restore movement to the paralyzed, restore sight to the blind, and revolutionize how humans interact with their digital world.&lt;/p&gt;&lt;/div&gt;&lt;p&gt;&lt;strong&gt;Team Description:&lt;/strong&gt;&lt;/p&gt;
&lt;p&gt;The Lab Systems Software Team works closely with other ...",,,,2.0,True,False,True,[],software_engineer,ccfc3742fc132b52e8e5b3d2861c7096
6500101003,"Software Engineer, Medical Imaging",Neuralink,neuralink,"Fremont, California, United States",Surgery & Robot Hardware,2025-03-30T18:21:14-04:00,https://boards.greenhouse.io/neuralink/jobs/6500101003?gh_jid=6500101003,https://boards.greenhouse.io/neuralink/jobs/6500101003,"&lt;div class=&quot;content-intro&quot;&gt;&lt;p&gt;&lt;strong&gt;About Neuralink:&lt;/strong&gt;&lt;/p&gt;
&lt;p&gt;We are creating devices that enable a bi-directional interface with the brain. These devices allow us to restore movement to the paralyzed, restore sight to the blind, and revolutionize how humans interact with their digital world.&lt;/p&gt;&lt;/div&gt;&lt;p&gt;&lt;strong&gt;Team Description:&lt;/strong&gt;&lt;/p&gt;
&lt;p&gt;The Surgery Engineering team is responsible for develop...",,,,,False,False,True,"['javascript', 'python', 'rust']",software_engineer,d3f59673d588f58f01453bd0ac7f8a0a
6500103003,"Software Engineer, Medical Imaging",Neuralink,neuralink,"Austin, Texas, United States",Surgery & Robot Hardware,2025-03-30T18:21:14-04:00,https://boards.greenhouse.io/neuralink/jobs/6500103003?gh_jid=6500103003,https://boards.greenhouse.io/neuralink/jobs/6500103003,"&lt;div class=&quot;content-intro&quot;&gt;&lt;p&gt;&lt;strong&gt;About Neuralink:&lt;/strong&gt;&lt;/p&gt;
&lt;p&gt;We are creating devices that enable a bi-directional interface with the brain. These devices allow us to restore movement to the paralyzed, restore sight to the blind, and revolutionize how humans interact with their digital world.&lt;/p&gt;&lt;/div&gt;&lt;p&gt;&lt;strong&gt;Team Description:&lt;/strong&gt;&lt;/p&gt;
&lt;p&gt;The Surgery Engineering team is responsible for develop...",,,,,False,False,True,"['javascript', 'python', 'rust']",software_engineer,d3f59673d588f58f01453bd0ac7f8a0a
5315682003,"Software Engineer, Robotics",Neuralink,neuralink,"Austin, Texas, United States",Software,2025-03-30T18:21:14-04:00,https://boards.greenhouse.io/neuralink/jobs/5315682003?gh_jid=5315682003,https://boards.greenhouse.io/neuralink/jobs/5315682003,"&lt;div class=&quot;content-intro&quot;&gt;&lt;p&gt;&lt;strong&gt;About Neuralink:&lt;/strong&gt;&lt;/p&gt;
&lt;p&gt;We are creating devices that enable a bi-directional interface with the brain. These devices allow us to restore movement to the paralyzed, restore sight to the blind, and revolutionize how humans interact with their digital world.&lt;/p&gt;&lt;/div&gt;&lt;div class=&quot;section page-centered&quot;&gt;
&lt;div class=&quot;section page-centered&quot;&gt;
&lt;div&gt;&lt;strong&gt;T...",,,,,False,False,True,['rust'],software_engineer,529b8b58081f91ed8fd22e63bf57eb7a
4205469003,"Software Engineer, Robotics",Neuralink,neuralink,"Fremont, California, United States",Software,2025-03-30T18:21:14-04:00,https://boards.greenhouse.io/neuralink/jobs/4205469003?gh_jid=4205469003,https://boards.greenhouse.io/neuralink/jobs/4205469003,"&lt;div class=&quot;content-intro&quot;&gt;&lt;p&gt;&lt;strong&gt;About Neuralink:&lt;/strong&gt;&lt;/p&gt;
&lt;p&gt;We are creating devices that enable a bi-directional interface with the brain. These devices allow us to restore movement to the paralyzed, restore sight to the blind, and revolutionize how humans interact with their digital world.&lt;/p&gt;&lt;/div&gt;&lt;div class=&quot;section page-centered&quot;&gt;
&lt;div&gt;&lt;strong&gt;Team Description:&lt;/strong&gt;&lt;/div&gt;
&lt;div&...",,,,,False,False,True,['rust'],software_engineer,529b8b58081f91ed8fd22e63bf57eb7a
6760486,Front-End Engineer,Mozilla,mozilla,Remote US,MZLA/Thunderbird,2025-03-31T19:49:46-04:00,https://job-boards.greenhouse.io/mozilla/jobs/6760486,https://boards.greenhouse.io/mozilla/jobs/6760486,"&lt;h4&gt;&lt;strong&gt;Why Thunderbird?&lt;/strong&gt;&lt;/h4&gt;
&lt;p&gt;&lt;span style=&quot;font-weight: 400;&quot;&gt;MZLA Technologies Corporation (MZLA) is a wholly-owned, for-profit subsidiary of the Mozilla Foundation and the home of Thunderbird. Thunderbird is a global, free, and open-source email and productivity app, which has experienced significant growth in revenue, staff, and aspirations since its launch 20 years ago. Our revenue comes from our dedicated users around the world w...",,,,,False,True,True,"['ci/cd', 'javascript', 'r', 'react', 'rest', 'typescript']",frontend,eb07e88f3d514981c07079aa4b0880ad
6713903,Content Designer - Support,DoorDash USA,doordashusa,"San Francisco, CA; Sunnyvale, CA; Seattle, WA; New York, NY",321 Product Design,2025-03-31T15:59:17-04:00,https://boards.greenhouse.io/doordashusa/jobs/6713903,https://boards.greenhouse.io/doordashusa/jobs/6713903,&lt;div class=&quot;content-intro&quot;&gt;&lt;p&gt;&lt;img style=&quot;display: none;&quot; src=&quot;https://click.appcast.io/greenhouse-te8/a31.png?ent=34&amp;amp;e=22630&amp;amp;t=1701374353806&quot; width=&quot;1px&quot; height=&quot;1px&quot;&gt; &lt;img style=&quot;display: none;&quot; src=&quot;https://track.jobadx.com/v1/i.gif?utm_pixel=224e990b-8ff4-4287-8d5d-2ff09647f181&amp;amp;utm_ptz=EST&amp;amp;utm_rqt=track&quot; alt=&quot;&quot; width=&quot;1&quot; height=&quot;1&quot;&gt;&lt;/p...,,,,3.0,True,False,True,['go'],other,8ee07035795bd9a5d32dce49849dc31f
4477506005,Business Analyst,Spin Careers,digitalfemsa,"SILMC - SERVICIOS INTEGRADOS DE LEALTAD, MERCADOTECNIA Y COMUNICACIÓN, S.A.P.I. DE C.V.",3017068 DATA OPS,2025-03-31T06:12:47-04:00,https://job-boards.greenhouse.io/digitalfemsa/jobs/4477506005,https://boards.greenhouse.io/digitalfemsa/jobs/4477506005,"&lt;p&gt;Leverage a solid foundation of business analysis skills and experience to drive data-driven decision-making and contribute to the success of business initiatives within the organization. Responsibilities typically include leading requirements gathering and analysis efforts, conducting in-depth data analysis, and collaborating with stakeholders to design and implement effective solutions. Mid-level Business Analysts play a key role in translating business needs into technical requirement...",,,,,False,False,True,"['node', 'python', 'r', 'spark']",other,302208f0eecd675a67cb2a10f6e5ef3d
4486744005,Business Analyst,Spin Careers,digitalfemsa,"SILMC - SERVICIOS INTEGRADOS DE LEALTAD, MERCADOTECNIA Y COMUNICACIÓN, S.A.P.I. DE C.V.",3017068 DATA OPS,2025-03-31T06:12:47-04:00,https://job-boards.greenhouse.io/digitalfemsa/jobs/4486744005,https://boards.greenhouse.io/digitalfemsa/jobs/4486744005,"&lt;p&gt;&lt;/p&gt;
&lt;div class=&quot;p-rich_text_section&quot;&gt;Leverages strong analytical skills, a solid foundation of business analysis and knowledge, and extensive experience to drive data-driven decision-making and contribute to the successful delivery of complex business initiatives. This role is responsible for leading more advanced business analysis efforts, including comprehensive data analysis, process optimization, and the design of sophisticated solutions that align with organi...",,,,,False,False,True,"['python', 'r', 'sql', 'tableau']",other,56101f0e2b03ff64fd9b7ea1d838c75c
4540267005,IC2 - Business Analyst,Spin Careers,digitalfemsa,"SILMC - SERVICIOS INTEGRADOS DE LEALTAD, MERCADOTECNIA Y COMUNICACIÓN, S.A.P.I. DE C.V.",3017068 DATA OPS,2025-03-31T06:12:47-04:00,https://job-boards.greenhouse.io/digitalfemsa/jobs/4540267005,https://boards.greenhouse.io/digitalfemsa/jobs/4540267005,"&lt;p&gt;&lt;span data-contrast=&quot;none&quot;&gt;&lt;span data-ccp-parastyle=&quot;Normal3&quot; data-ccp-parastyle-defn=&quot;{&amp;quot;ObjectId&amp;quot;:&amp;quot;40711150-43e1-4e36-91a7-f1e39e20f0a8|94&amp;quot;,&amp;quot;ClassId&amp;quot;:1073872969,&amp;quot;Properties&amp;quot;:[469775450,&amp;quot;Normal3&amp;quot;,201340122,&amp;quot;2&amp;quot;,134234082,&amp;quot;true&amp;quot;,134233614,&amp;quot;true&amp;quot;,469778129,&amp;quot;Normal3&amp;quot;,335572020,&amp;quot;1&amp;quot;...",,,,,False,False,True,[],other,bb7e6ee53d434ee56bbcd5cacc903c86
4521654005,IC2 - Software Engineer Backend,Spin Careers,digitalfemsa,"SILMC - SERVICIOS INTEGRADOS DE LEALTAD, MERCADOTECNIA Y COMUNICACIÓN, S.A.P.I. DE C.V.",3017074 BACK OPS,2025-03-31T06:12:47-04:00,https://job-boards.greenhouse.io/digitalfemsa/jobs/4521654005,https://boards.greenhouse.io/digitalfemsa/jobs/4521654005,"&lt;p&gt;&lt;strong&gt;Objective of the Role&lt;/strong&gt;&lt;/p&gt;
&lt;p&gt;Support backend development by collaborating on small-scale components, including tools and microservices applications. Participate in the development and testing of successful software solutions within defined boundaries and resolve straightforward technical issues. Solutions may require refinement and supervision. Follows standards and guidelines for secure development under the guidance of the Engineering Lead.&lt;...",,,,,False,False,True,"['github actions', 'java', 'microservices', 'mongodb', 'mysql', 'nosql', 'postgresql', 'rest', 'spring', 'sql']",backend,b6f4aaf5a5abe26ee69644613292f105
4542572005,IC2 – Software Engineer Frontend,Spin Careers,digitalfemsa,"SILMC - SERVICIOS INTEGRADOS DE LEALTAD, MERCADOTECNIA Y COMUNICACIÓN, S.A.P.I. DE C.V.",3017073 FRONT OPS,2025-03-31T06:12:47-04:00,https://job-boards.greenhouse.io/digitalfemsa/jobs/4542572005,https://boards.greenhouse.io/digitalfemsa/jobs/4542572005,"&lt;p&gt;&lt;strong&gt;&lt;span data-contrast=&quot;none&quot;&gt;&lt;span data-ccp-parastyle=&quot;Normal3&quot; data-ccp-parastyle-defn=&quot;{&amp;quot;ObjectId&amp;quot;:&amp;quot;18b63b72-3316-4ae9-a62d-73fe15812434|64&amp;quot;,&amp;quot;ClassId&amp;quot;:1073872969,&amp;quot;Properties&amp;quot;:[469775450,&amp;quot;Normal3&amp;quot;,201340122,&amp;quot;2&amp;quot;,134234082,&amp;quot;true&amp;quot;,134233614,&amp;quot;true&amp;quot;,469778129,&amp;quot;Normal3&amp;quot;,335572020,&amp;qu...",,,,,False,False,True,"['ci/cd', 'javascript', 'next.js', 'r', 'react', 'rest', 'typescript']",frontend,be79fe3fe31bcd9bec7ce9d208933561
4540288005,IC3 - Business Analyst,Spin Careers,digitalfemsa,"SILMC - SERVICIOS INTEGRADOS DE LEALTAD, MERCADOTECNIA Y COMUNICACIÓN, S.A.P.I. DE C.V.",3017068 DATA OPS,2025-03-31T06:12:47-04:00,https://job-boards.greenhouse.io/digitalfemsa/jobs/4540288005,https://boards.greenhouse.io/digitalfemsa/jobs/4540288005,"&lt;p&gt;&lt;span data-contrast=&quot;none&quot;&gt;&lt;span data-ccp-parastyle=&quot;Normal3&quot; data-ccp-parastyle-defn=&quot;{&amp;quot;ObjectId&amp;quot;:&amp;quot;40711150-43e1-4e36-91a7-f1e39e20f0a8|94&amp;quot;,&amp;quot;ClassId&amp;quot;:1073872969,&amp;quot;Properties&amp;quot;:[469775450,&amp;quot;Normal3&amp;quot;,201340122,&amp;quot;2&amp;quot;,134234082,&amp;quot;true&amp;quot;,134233614,&amp;quot;true&amp;quot;,469778129,&amp;quot;Normal3&amp;quot;,335572020,&amp;quot;1&amp;quot;...",,,,,False,False,True,[],other,39730cf4f7b5e1117f2712e2b87f210b
4535210005,IC3 - Data Engineer,Spin Careers,digitalfemsa,"SILMC - SERVICIOS INTEGRADOS DE LEALTAD, MERCADOTECNIA Y COMUNICACIÓN, S.A.P.I. DE C.V.",3017068 DATA OPS,2025-03-31T06:12:47-04:00,https://job-boards.greenhouse.io/digitalfemsa/jobs/4535210005,https://boards.greenhouse.io/digitalfemsa/jobs/4535210005,"&lt;p&gt;&lt;strong&gt;Objective of the Role&lt;/strong&gt;&lt;/p&gt;
&lt;p&gt;Responsible for designing, developing, and maintaining robust data pipelines and architectures that support the organization’s data-driven initiatives. This role contributes to all phases of the data engineering lifecycle, ensuring scalability, reliability, and performance. Demonstrates technical leadership by solving complex problems, mentoring junior engineers, and actively improving data engineering practices.&lt;s...",,,,,False,False,True,"['aws', 'ci/cd', 'etl', 'gcp', 'gitlab', 'kafka', 'nosql', 'numpy', 'pandas', 'power bi', 'python', 'spark', 'sql', 'tableau', 'terraform']",data,0a3531171df808f9d685da53759a647e
4540272005,IC4 - Sr Business Analyst,Spin Careers,digitalfemsa,"SILMC - SERVICIOS INTEGRADOS DE LEALTAD, MERCADOTECNIA Y COMUNICACIÓN, S.A.P.I. DE C.V.",3017068 DATA OPS,2025-03-31T06:12:47-04:00,https://job-boards.greenhouse.io/digitalfemsa/jobs/4540272005,https://boards.greenhouse.io/digitalfemsa/jobs/4540272005,"&lt;p&gt;&lt;span data-contrast=&quot;none&quot;&gt;&lt;span data-ccp-parastyle=&quot;Normal3&quot; data-ccp-parastyle-defn=&quot;{&amp;quot;ObjectId&amp;quot;:&amp;quot;40711150-43e1-4e36-91a7-f1e39e20f0a8|94&amp;quot;,&amp;quot;ClassId&amp;quot;:1073872969,&amp;quot;Properties&amp;quot;:[469775450,&amp;quot;Normal3&amp;quot;,201340122,&amp;quot;2&amp;quot;,134234082,&amp;quot;true&amp;quot;,134233614,&amp;quot;true&amp;quot;,469778129,&amp;quot;Normal3&amp;quot;,335572020,&amp;quot;1&amp;quot;...",,,,,False,False,True,[],other,73922dec6c34c3fc2d87da194fa2effa
4523389005,IC4 - Sr Data Engineer,Spin Careers,digitalfemsa,"SILMC - SERVICIOS INTEGRADOS DE LEALTAD, MERCADOTECNIA Y COMUNICACIÓN, S.A.P.I. DE C.V.",3017068 DATA OPS,2025-03-31T06:12:47-04:00,https://job-boards.greenhouse.io/digitalfemsa/jobs/4523389005,https://boards.greenhouse.io/digitalfemsa/jobs/4523389005,"&lt;p&gt;&lt;strong&gt;Objective of the Role&lt;/strong&gt;&lt;/p&gt;
&lt;p&gt;Leads the design, development, and optimization of advanced data solutions, ensuring scalability, reliability, and alignment with business objectives. This role plays a critical part in defining data architectures, mentoring team members, and driving the adoption of best practices throughout the data engineering lifecycle. With a strong focus on performance, security, and governance, ensures that data solutions contri...",,,,,False,False,True,"['aws', 'etl', 'gcp', 'gitlab', 'java', 'python', 'sql']",data,dcbe83b93b2ef02670dfbffda5dc3e59
4519421005, Software Engineer Mobile (Android),Spin Careers,digitalfemsa,"SILMC - SERVICIOS INTEGRADOS DE LEALTAD, MERCADOTECNIA Y COMUNICACIÓN, S.A.P.I. DE C.V.",3019490 DIGITAL HOUSE,2025-03-31T06:12:47-04:00,https://job-boards.greenhouse.io/digitalfemsa/jobs/4519421005,https://boards.greenhouse.io/digitalfemsa/jobs/4519421005,"&lt;p&gt;&amp;nbsp;&lt;/p&gt;
&lt;p&gt;Spin es la unidad de negocio de FEMSA que enriquece y simplifica la vida de las personas. Es un ecosistema de soluciones financieras y digitales que genera valor agregado, al ayudar a nuestros usuarios y comunidades a hacer más con su tiempo y dinero.&lt;/p&gt;
&lt;p&gt;El ecosistema Spin se compone de soluciones simples, ágiles y accesibles que les ayudan a nuestros clientes a resolver necesidades cotidianas y recibir recompensas por ello; como la billeter...",,,,,False,False,True,"['android', 'etl', 'github actions', 'java', 'kotlin', 'nosql', 'rest', 'sql']",mobile,f29d0c5d4cc0ad37ddd7a3dbfe094cd1
7936403002,"Software Engineer, Backend",Tatari,tatari,"New York, New York, United States",Engineering,2025-03-31T15:07:13-04:00,https://boards.greenhouse.io/tatari/jobs/7936403002,https://boards.greenhouse.io/tatari/jobs/7936403002,"&lt;p&gt;Tatari is on a mission to revolutionize TV advertising. We work with some of your favorite disruptor brands—like Calm, Vuori, Rocket Money, and hundreds more—to grow their business using linear and streaming TV ads. Our platform combines sophisticated media buying with proprietary analytics to turn TV advertising into an automated, digital-like experience. Our technology and services are pushing the industry forward, enabling businesses of any size to advertise on TV.&lt;/p&gt;
&lt;p&gt...",,,,0.0,True,False,True,"['airflow', 'aws', 'dbt', 'etl', 'fastapi', 'hadoop', 'java', 'kafka', 'mysql', 'nosql', 'postgresql', 'python', 'scala', 'spark', 'sql']",backend,c4365f003d7ab90a463b7c5e3128c1ed
7936374002,"Software Engineer, Backend",Tatari,tatari,"Los Angeles, California, United States",Engineering,2025-03-31T15:07:13-04:00,https://boards.greenhouse.io/tatari/jobs/7936374002,https://boards.greenhouse.io/tatari/jobs/7936374002,"&lt;p&gt;Tatari is on a mission to revolutionize TV advertising. We work with some of your favorite disruptor brands—like Calm, Vuori, Rocket Money, and hundreds more—to grow their business using linear and streaming TV ads. Our platform combines sophisticated media buying with proprietary analytics to turn TV advertising into an automated, digital-like experience. Our technology and services are pushing the industry forward, enabling businesses of any size to advertise on TV.&lt;/p&gt;
&lt;p&gt...",,,,0.0,True,False,True,"['airflow', 'aws', 'dbt', 'etl', 'fastapi', 'hadoop', 'java', 'kafka', 'mysql', 'nosql', 'postgresql', 'python', 'scala', 'spark', 'sql']",backend,c4365f003d7ab90a463b7c5e3128c1ed
7936405002,"Software Engineer, Backend ",Tatari,tatari,"San Francisco, California, United States",Engineering,2025-03-31T15:07:14-04:00,https://boards.greenhouse.io/tatari/jobs/7936405002,https://boards.greenhouse.io/tatari/jobs/7936405002,"&lt;p&gt;Tatari is on a mission to revolutionize TV advertising. We work with some of your favorite disruptor brands—like Calm, Vuori, Rocket Money, and hundreds more—to grow their business using linear and streaming TV ads. Our platform combines sophisticated media buying with proprietary analytics to turn TV advertising into an automated, digital-like experience. Our technology and services are pushing the industry forward, enabling businesses of any size to advertise on TV.&lt;/p&gt;
&lt;p&gt...",,,,0.0,True,False,True,"['airflow', 'aws', 'dbt', 'etl', 'fastapi', 'hadoop', 'java', 'kafka', 'mysql', 'nosql', 'postgresql', 'python', 'scala', 'spark', 'sql']",backend,33cd3557d0f27deddf1b88468c4f47d7
2702917,Large Enterprise Solution Engineer,Smartsheet,smartsheet,"Boston, MA, USA",Solutions Engineering,2025-03-31T12:13:43-04:00,https://job-boards.greenhouse.io/smartsheet/jobs/2702917,https://boards.greenhouse.io/smartsheet/jobs/2702917,"&lt;div class=&quot;content-intro&quot;&gt;&lt;p&gt;Smartsheet is a tech company with a human story to tell. We’re here to empower teams to manage projects, automate workflows, and rapidly build new secure solutions, using simple no-code tools. We’re revolutionaries – so for us changing the way the world works is all in a day’s work.&lt;/p&gt;&lt;/div&gt;&lt;p&gt;Smartsheet is looking for a proven&lt;strong&gt; Large Enterprise Solutions Engineer&lt;/strong&gt; who will provide technical leaders...",,,,,False,False,True,[],other,1d04545f5b8b6f313c78c0216649f5ff
6142748,Software Engineer II,Smartsheet,smartsheet,"Bellevue, WA, USA",Engineering - Developers,2025-03-31T12:14:33-04:00,https://job-boards.greenhouse.io/smartsheet/jobs/6142748,https://boards.greenhouse.io/smartsheet/jobs/6142748,"&lt;div class=&quot;content-intro&quot;&gt;&lt;p&gt;Smartsheet is a tech company with a human story to tell. We’re here to empower teams to manage projects, automate workflows, and rapidly build new secure solutions, using simple no-code tools. We’re revolutionaries – so for us changing the way the world works is all in a day’s work.&lt;/p&gt;&lt;/div&gt;&lt;p&gt;We&#39;re seeking thoughtful people who are excited about solving tough problems and building software used by millions of people. We ...",,,,,False,False,True,"['aws', 'elasticsearch', 'java', 'kotlin', 'microservices', 'mysql', 'nosql', 'rest']",software_engineer,df63b1583e2c85faabe3f33403db255f
6186821,"Software Engineer II, Full Stack - Resource Management (Remote Eligible) ",Smartsheet,smartsheet,"Bellevue, WA, USA",Engineering - Developers,2025-03-31T12:14:34-04:00,https://job-boards.greenhouse.io/smartsheet/jobs/6186821,https://boards.greenhouse.io/smartsheet/jobs/6186821,"&lt;div class=&quot;content-intro&quot;&gt;&lt;p&gt;Smartsheet is a tech company with a human story to tell. We’re here to empower teams to manage projects, automate workflows, and rapidly build new secure solutions, using simple no-code tools. We’re revolutionaries – so for us changing the way the world works is all in a day’s work.&lt;/p&gt;&lt;/div&gt;&lt;p&gt;&lt;a href=&quot;https://www.smartsheet.com/platform/resource-management&quot;&gt;Resource Management by Smartsheet&lt;/a&gt; is looki...",,,,,False,False,True,"['aws', 'java', 'javascript', 'rails', 'react', 'ruby', 'terraform', 'typescript']",fullstack,24350679a242136d2c2123f015163495
6595161,"Sr. SE I, Full Stack - Advanced Solutions (Remote Eligible)",Smartsheet,smartsheet,"Bellevue, WA, USA",Engineering - Developers,2025-03-31T12:14:40-04:00,https://job-boards.greenhouse.io/smartsheet/jobs/6595161,https://boards.greenhouse.io/smartsheet/jobs/6595161,"&lt;div class=&quot;content-intro&quot;&gt;&lt;p&gt;Smartsheet is a tech company with a human story to tell. We’re here to empower teams to manage projects, automate workflows, and rapidly build new secure solutions, using simple no-code tools. We’re revolutionaries – so for us changing the way the world works is all in a day’s work.&lt;/p&gt;&lt;/div&gt;&lt;p&gt;We are seeking a fullstack Senior Software Engineer I to build innovative solution management experiences that empower organizations t...",,,,0.0,True,False,True,"['aws', 'azure', 'java', 'kotlin', 'kubernetes', 'microservices', 'react', 'rest', 'terraform', 'typescript']",fullstack,d41452f90c10b915c23d5dc8ebbcb21f
6527539,"Sr. SE I, Full Stack - Build (Remote Eligible) ",Smartsheet,smartsheet,"Bellevue, WA, USA",Engineering - Developers,2025-03-31T12:14:37-04:00,https://job-boards.greenhouse.io/smartsheet/jobs/6527539,https://boards.greenhouse.io/smartsheet/jobs/6527539,"&lt;div class=&quot;content-intro&quot;&gt;&lt;p&gt;Smartsheet is a tech company with a human story to tell. We’re here to empower teams to manage projects, automate workflows, and rapidly build new secure solutions, using simple no-code tools. We’re revolutionaries – so for us changing the way the world works is all in a day’s work.&lt;/p&gt;&lt;/div&gt;&lt;p&gt;Smartsheet is looking for a Sr SE I to join the Build Pillar Engineering team developing products that help our users organize and sta...",,,,0.0,True,False,True,"['aws', 'azure', 'java', 'kotlin', 'kubernetes', 'rails', 'rest', 'ruby', 'typescript']",fullstack,aed0b19626cb2b549e1fe815378494f4
6669571,Sr. Software Engineer II,Smartsheet,smartsheet,"Bellevue, WA, USA",Engineering - Developers,2025-03-31T12:14:45-04:00,https://job-boards.greenhouse.io/smartsheet/jobs/6669571,https://boards.greenhouse.io/smartsheet/jobs/6669571,"&lt;div class=&quot;content-intro&quot;&gt;&lt;p&gt;Smartsheet is a tech company with a human story to tell. We’re here to empower teams to manage projects, automate workflows, and rapidly build new secure solutions, using simple no-code tools. We’re revolutionaries – so for us changing the way the world works is all in a day’s work.&lt;/p&gt;&lt;/div&gt;&lt;p&gt;We&#39;re seeking thoughtful people who are excited about solving tough problems and building software used by millions of people. We ...",,,,,False,False,True,"['aws', 'azure', 'java', 'kotlin', 'kubernetes', 'rest', 'typescript']",software_engineer,dbe387beef19d6375b936062117c63ff
4460336008,Elite Technical Support Engineer - Future Opportunities (US),"Tenable, Inc.",tenableinc,"Columbia MD, Boston MA, Bay Area CA",Technical Support,2025-03-31T19:51:57-04:00,https://job-boards.greenhouse.io/tenableinc/jobs/4460336008,https://boards.greenhouse.io/tenableinc/jobs/4460336008,"&lt;div class=&quot;content-intro&quot;&gt;&lt;p&gt;&lt;strong&gt;Who is Tenable?&lt;/strong&gt;&lt;/p&gt;
&lt;p&gt;Tenable® is the Exposure Management company. 44,000 organizations around the globe rely on Tenable to understand and reduce cyber risk. Our global employees support 65 percent of the Fortune 500, 45 percent of the Global 2000, and large government agencies. Come be part of our journey!&lt;/p&gt;
&lt;p&gt;&lt;strong&gt;What makes Tenable such a great place to work?&lt;/strong&gt;&lt...",,,,2.0,True,False,True,"['bash', 'r', 'sql']",other,73e244e3a8e2efb756d96bd7c99bc5a5
4564754008,InfoSec Analyst,"Tenable, Inc.",tenableinc,US - Headquarters - Maryland - Columbia,Information Security,2025-03-31T19:51:57-04:00,https://job-boards.greenhouse.io/tenableinc/jobs/4564754008,https://boards.greenhouse.io/tenableinc/jobs/4564754008,"&lt;div class=&quot;content-intro&quot;&gt;&lt;p&gt;&lt;strong&gt;Who is Tenable?&lt;/strong&gt;&lt;/p&gt;
&lt;p&gt;Tenable® is the Exposure Management company. 44,000 organizations around the globe rely on Tenable to understand and reduce cyber risk. Our global employees support 65 percent of the Fortune 500, 45 percent of the Global 2000, and large government agencies. Come be part of our journey!&lt;/p&gt;
&lt;p&gt;&lt;strong&gt;What makes Tenable such a great place to work?&lt;/strong&gt;&lt...",,,,,False,False,True,"['perl', 'python']",other,da13bb5f82ba949de0b9e1ff33c3c194
4568766008,Technical Support Engineer (Hybrid/Columbia MD),"Tenable, Inc.",tenableinc,US - Headquarters - Maryland - Columbia,Technical Support,2025-03-31T19:51:57-04:00,https://job-boards.greenhouse.io/tenableinc/jobs/4568766008,https://boards.greenhouse.io/tenableinc/jobs/4568766008,"&lt;div class=&quot;content-intro&quot;&gt;&lt;p&gt;&lt;strong&gt;Who is Tenable?&lt;/strong&gt;&lt;/p&gt;
&lt;p&gt;Tenable® is the Exposure Management company. 44,000 organizations around the globe rely on Tenable to understand and reduce cyber risk. Our global employees support 65 percent of the Fortune 500, 45 percent of the Global 2000, and large government agencies. Come be part of our journey!&lt;/p&gt;
&lt;p&gt;&lt;strong&gt;What makes Tenable such a great place to work?&lt;/strong&gt;&lt...",,,,,False,False,True,"['aws', 'azure', 'docker', 'elasticsearch', 'mysql', 'oracle', 'rest', 'sql']",other,caab79bf0ea307f2c087934a93281bc9
7936646002,"Machine Learning Scientist, Digital Pathology",Tempus,tempus,"Boston, MA",Data Science - Imaging,2025-03-31T16:45:11-04:00,https://boards.greenhouse.io/tempus/jobs/7936646002,https://boards.greenhouse.io/tempus/jobs/7936646002,"&lt;p&gt;&lt;strong&gt;Passionate about precision medicine and advancing the healthcare industry?&lt;/strong&gt;&lt;/p&gt;
&lt;p&gt;Recent advancements in underlying technology have finally made it possible for AI to impact clinical care in a meaningful way. Tempus&#39; proprietary platform connects an entire ecosystem of real-world evidence to deliver real-time, actionable insights to physicians, providing critical information about the right treatments for the right patients, at the right time...",,,,2.0,True,False,True,"['python', 'pytorch', 'tensorflow']",ml_ai,ef6651a69005d4f0d8a3312ce5f0c712
7934676002,"Machine Learning Scientist, Digital Pathology",Tempus,tempus,"Chicago, IL ",Data Science - Imaging,2025-03-31T16:45:07-04:00,https://boards.greenhouse.io/tempus/jobs/7934676002,https://boards.greenhouse.io/tempus/jobs/7934676002,"&lt;p&gt;&lt;strong&gt;Passionate about precision medicine and advancing the healthcare industry?&lt;/strong&gt;&lt;/p&gt;
&lt;p&gt;Recent advancements in underlying technology have finally made it possible for AI to impact clinical care in a meaningful way. Tempus&#39; proprietary platform connects an entire ecosystem of real-world evidence to deliver real-time, actionable insights to physicians, providing critical information about the right treatments for the right patients, at the right time...",,,,2.0,True,False,True,"['python', 'pytorch', 'tensorflow']",ml_ai,ef6651a69005d4f0d8a3312ce5f0c712
7936635002,"Machine Learning Scientist, Digital Pathology",Tempus,tempus,"New York City, NY",Data Science - Imaging,2025-03-31T16:45:07-04:00,https://boards.greenhouse.io/tempus/jobs/7936635002,https://boards.greenhouse.io/tempus/jobs/7936635002,"&lt;p&gt;&lt;strong&gt;Passionate about precision medicine and advancing the healthcare industry?&lt;/strong&gt;&lt;/p&gt;
&lt;p&gt;Recent advancements in underlying technology have finally made it possible for AI to impact clinical care in a meaningful way. Tempus&#39; proprietary platform connects an entire ecosystem of real-world evidence to deliver real-time, actionable insights to physicians, providing critical information about the right treatments for the right patients, at the right time...",,,,2.0,True,False,True,"['python', 'pytorch', 'tensorflow']",ml_ai,ef6651a69005d4f0d8a3312ce5f0c712
7936640002,"Machine Learning Scientist, Digital Pathology",Tempus,tempus,"San Francisco, CA ",Data Science - Imaging,2025-03-31T16:45:08-04:00,https://boards.greenhouse.io/tempus/jobs/7936640002,https://boards.greenhouse.io/tempus/jobs/7936640002,"&lt;p&gt;&lt;strong&gt;Passionate about precision medicine and advancing the healthcare industry?&lt;/strong&gt;&lt;/p&gt;
&lt;p&gt;Recent advancements in underlying technology have finally made it possible for AI to impact clinical care in a meaningful way. Tempus&#39; proprietary platform connects an entire ecosystem of real-world evidence to deliver real-time, actionable insights to physicians, providing critical information about the right treatments for the right patients, at the right time...",,,,2.0,True,False,True,"['python', 'pytorch', 'tensorflow']",ml_ai,ef6651a69005d4f0d8a3312ce5f0c712
5457086004,"Android Engineer, Commerce ",Whatnot,whatnot,"San Francisco, CA, Los Angeles, CA, New York, NY, Seattle, WA",Engineering,2025-03-31T12:04:17-04:00,https://job-boards.greenhouse.io/whatnot/jobs/5457086004,https://boards.greenhouse.io/whatnot/jobs/5457086004,"&lt;h2 class=&quot;Header-module__header--Jux6H&quot; data-anchor-id=&quot;h08n5-🚀-join-the-future-of-commerce-with-whatnot&quot;&gt;🚀 Join the Future of Commerce with Whatnot!&amp;nbsp;&lt;/h2&gt;
&lt;p&gt;Whatnot is the largest livestream shopping platform in North America and Europe to buy, sell, and discover the things you love. We’re re-defining e-commerce by blending community, shopping, and entertainment into a community just for you. As a remote co-located team, we’re inspired by innovat...",,,,,False,False,True,"['android', 'kotlin', 'spring']",mobile,698ff3010429879dc95012cd584d9bd7
5264565004,"Android Engineer, Risk",Whatnot,whatnot,"San Francisco, CA, Los Angeles, CA, New York, NY, Seattle, WA",Engineering,2025-03-31T09:10:59-04:00,https://job-boards.greenhouse.io/whatnot/jobs/5264565004,https://boards.greenhouse.io/whatnot/jobs/5264565004,"&lt;h2 class=&quot;Header-module__header--Jux6H&quot; data-anchor-id=&quot;h08n5-🚀-join-the-future-of-commerce-with-whatnot&quot;&gt;🚀 Join the Future of Commerce with Whatnot!&amp;nbsp;&lt;/h2&gt;
&lt;p&gt;Whatnot is the largest livestream shopping platform in North America and Europe to buy, sell, and discover the things you love. We’re re-defining e-commerce by blending community, shopping, and entertainment into a community just for you. As a remote co-located team, we’re inspired by innovat...",,,,,False,False,True,"['android', 'kotlin', 'spring']",mobile,bf405e50bc40ebdb52c509d83769516b
5473321004,"Data Engineer, Trust & Risk",Whatnot,whatnot,"San Francisco, Ca Los Angeles, Ca Seattle, WA New York, NY",Engineering,2025-03-31T18:53:59-04:00,https://job-boards.greenhouse.io/whatnot/jobs/5473321004,https://boards.greenhouse.io/whatnot/jobs/5473321004,"&lt;h2 data-anchor-id=&quot;h08n5-🚀-join-the-future-of-commerce-with-whatnot&quot;&gt;🚀 Join the Future of Commerce with Whatnot!&lt;/h2&gt;
&lt;p&gt;Whatnot is the largest livestream shopping platform in North America and Europe to buy, sell, and discover the things you love. We’re re-defining e-commerce by blending community, shopping, and entertainment into a community just for you. As a remote co-located team, we’re inspired by innovation and anchored in our &lt;a href=&quot;https://www.what...",,,,3.0,True,False,True,"['go', 'python', 'spring']",data,d914283ee48acf4e7606f0206d4df10d
5404951004,"Data Scientist, Trust & Risk ",Whatnot,whatnot,"Los Angeles, CA, New York, NY, San Francisco, CA, Seattle, WA ",Engineering,2025-03-31T18:53:29-04:00,https://job-boards.greenhouse.io/whatnot/jobs/5404951004,https://boards.greenhouse.io/whatnot/jobs/5404951004,"&lt;h2 class=&quot;Header-module__header--Jux6H&quot; data-anchor-id=&quot;h08n5-🚀-join-the-future-of-commerce-with-whatnot&quot;&gt;🚀&amp;nbsp;Join&amp;nbsp;the&amp;nbsp;Future&amp;nbsp;of&amp;nbsp;Commerce&amp;nbsp;with&amp;nbsp;Whatnot!&amp;nbsp;&lt;/h2&gt;
&lt;p&gt;Whatnot is the largest livestream shopping platform in North America and Europe to buy, sell, and discover the things you love. We’re re-defining e-commerce by blending community, shopping, and entertainment into a community just ...",,,,3.0,True,False,True,"['dbt', 'python', 'r', 'spark', 'spring', 'sql']",data,8e8e5b6ff38d945e90d1831ce5813d77
5457070004,"iOS Engineer, Commerce",Whatnot,whatnot,"San Francisco, CA, Los Angeles, CA, New York, NY, Seattle, WA",Engineering,2025-03-31T09:10:59-04:00,https://job-boards.greenhouse.io/whatnot/jobs/5457070004,https://boards.greenhouse.io/whatnot/jobs/5457070004,"&lt;h2 class=&quot;Header-module__header--Jux6H&quot; data-anchor-id=&quot;h08n5-🚀-join-the-future-of-commerce-with-whatnot&quot;&gt;🚀 Join the Future of Commerce with Whatnot!&amp;nbsp;&lt;/h2&gt;
&lt;p&gt;Whatnot is the largest livestream shopping platform in North America and Europe to buy, sell, and discover the things you love. We’re re-defining e-commerce by blending community, shopping, and entertainment into a community just for you. As a remote co-located team, we’re inspired by innovat...",,,,,False,False,True,"['ios', 'spring', 'swift']",mobile,ef59824e2c9bb0112cc46a1ca7fc3294
5254411004,"iOS Engineer, Risk",Whatnot,whatnot,"San Francisco, CA, Los Angeles, CA, New York, NY, Seattle, WA",Engineering,2025-03-31T09:10:59-04:00,https://job-boards.greenhouse.io/whatnot/jobs/5254411004,https://boards.greenhouse.io/whatnot/jobs/5254411004,"&lt;h2 class=&quot;Header-module__header--Jux6H&quot; data-anchor-id=&quot;h08n5-🚀-join-the-future-of-commerce-with-whatnot&quot;&gt;🚀 Join the Future of Commerce with Whatnot!&amp;nbsp;&lt;/h2&gt;
&lt;p&gt;Whatnot is the largest livestream shopping platform in North America and Europe to buy, sell, and discover the things you love. We’re re-defining e-commerce by blending community, shopping, and entertainment into a community just for you. As a remote co-located team, we’re inspired by innovat...",,,,,False,False,True,"['ios', 'spring', 'swift']",mobile,31ac3ea4ddef42d308ebdcd65d5f9fe3
5437902004,Recruiting Coordinator - Contract (6 months) ,Whatnot,whatnot,"New York, NY",Recruiting,2025-03-31T09:10:59-04:00,https://job-boards.greenhouse.io/whatnot/jobs/5437902004,https://boards.greenhouse.io/whatnot/jobs/5437902004,"&lt;h2&gt;&lt;strong&gt;🚀 Join the Future of Commerce with Whatnot!&lt;/strong&gt;&lt;strong&gt;&amp;nbsp;&lt;/strong&gt;&lt;/h2&gt;
&lt;p&gt;Whatnot is the largest livestream shopping platform in North America and Europe to buy, sell, and discover the things you love. We’re re-defining e-commerce by blending community, shopping, and entertainment into a community just for you. As a remote co-located team, we’re inspired by innovation and anchored in our &lt;a href=&quot;https://www.whatnot.com/...",,,,2.0,True,False,True,[],other,f598a2842ccf1b66c36bdca681c6b8f5
5419371004,"Software Engineer, Data",Whatnot,whatnot,"San Francisco, Ca Los Angeles, Ca Seattle, Wa New York, NY",Engineering,2025-03-31T18:54:28-04:00,https://job-boards.greenhouse.io/whatnot/jobs/5419371004,https://boards.greenhouse.io/whatnot/jobs/5419371004,"&lt;h2 class=&quot;Header-module__header--Jux6H&quot; data-anchor-id=&quot;h08n5-🚀-join-the-future-of-commerce-with-whatnot&quot;&gt;🚀&amp;nbsp;Join&amp;nbsp;the&amp;nbsp;Future&amp;nbsp;of&amp;nbsp;Commerce&amp;nbsp;with&amp;nbsp;Whatnot!&amp;nbsp;&lt;/h2&gt;
&lt;p&gt;Whatnot is the largest livestream shopping platform in North America and Europe to buy, sell, and discover the things you love. We’re re-defining e-commerce by blending community, shopping, and entertainment into a community just ...",,,,3.0,True,False,True,"['aws', 'kafka', 'python', 'spring', 'terraform']",software_engineer,ad7dfae6c286f63e7449c7c7311f77c8
5427811004,"Software Engineer, Growth",Whatnot,whatnot,"San Francisco, CA, Los Angeles, CA, New York, NY, Seattle, WA",Engineering,2025-03-31T09:10:59-04:00,https://job-boards.greenhouse.io/whatnot/jobs/5427811004,https://boards.greenhouse.io/whatnot/jobs/5427811004,"&lt;h2&gt;&lt;strong&gt;🚀 Join the Future of Commerce with Whatnot!&lt;/strong&gt;&lt;strong&gt;&amp;nbsp;&lt;/strong&gt;&lt;/h2&gt;
&lt;p&gt;Whatnot is the largest livestream shopping platform in North America and Europe to buy, sell, and discover the things you love. We’re re-defining e-commerce by blending community, shopping, and entertainment into a community just for you. As a remote co-located team, we’re inspired by innovation and anchored in our &lt;a href=&quot;https://www.whatnot.com/...",,,,,False,False,True,"['dbt', 'javascript', 'python', 'spring', 'sql']",software_engineer,989c49d7e79b8978e28e1111759ad211
5356256004,"Software Engineer, Notifications",Whatnot,whatnot,"San Francisco, CA, Los Angeles, CA, New York, NY, Seattle, WA",Engineering,2025-03-31T09:10:59-04:00,https://job-boards.greenhouse.io/whatnot/jobs/5356256004,https://boards.greenhouse.io/whatnot/jobs/5356256004,"&lt;h2 class=&quot;Header-module__header--Jux6H&quot;&gt;🚀 Whatnot&lt;/h2&gt;
&lt;p&gt;Whatnot is the largest livestream shopping platform in North America and Europe to buy, sell, and discover the things you love. We’re building the future of ecommerce, bringing together community, shopping and entertainment. We are committed to our&lt;a class=&quot;ql-link&quot; href=&quot;https://www.whatnot.com/careers&quot; target=&quot;_blank&quot; data-slab-linktype=&quot;text&quot;&gt; values&lt;/a&gt;, ...",,,,,False,False,True,"['javascript', 'python', 'spring']",software_engineer,a2909f188951f8a709633648514501a7
6681119,Associate Merchant,Warby Parker,warbyparker,"New York, NY",Product Strategy & Operations,2025-03-31T15:40:45-04:00,https://job-boards.greenhouse.io/warbyparker/jobs/6681119,https://boards.greenhouse.io/warbyparker/jobs/6681119,"&lt;p&gt;Warby Parker is looking for a dynamic and motivated Associate Merchant to join our Merchandising team. In this role, you&#39;ll support our head merchants in assorting new collections, researching trends, and merchandising our product in stores and online. As an expert on our upcoming and new offerings, you&#39;ll also collaborate and communicate with a range of departments across the company. Our ideal candidate is a go-getter with a knack for organization and a penchant for public spe...",,,,0.0,True,False,True,['go'],other,853e07cfb65325680bdba8bd4981a100
6569988,Support Engineer I,Warby Parker,warbyparker,"New York, NY",Technology Services,2025-03-31T15:40:45-04:00,https://job-boards.greenhouse.io/warbyparker/jobs/6569988,https://boards.greenhouse.io/warbyparker/jobs/6569988,"&lt;p&gt;At Warby Parker, we’ve proven that businesses can scale, be profitable, and do good in the world. Now, we’re searching for a motivated IT Support Engineer 1 to join our 70+ person Technology team and help take this mission to the next step.&lt;/p&gt;
&lt;p&gt;Our Technology Services team is all about figuring out why an issue exists, where its root cause lies, and how to implement a solution that allows people to self-solve in the future. In this role, you will use your technical savvy ...",,,,,False,False,True,['ios'],other,9d238696ab6e624426ef743355df4f2c
6469748,Support Engineer I,Warby Parker,warbyparker,"Nashville, TN",Technology Services,2025-03-31T15:40:45-04:00,https://job-boards.greenhouse.io/warbyparker/jobs/6469748,https://boards.greenhouse.io/warbyparker/jobs/6469748,"&lt;p&gt;Our Technology Services team is all about figuring out why an issue exists, where its root cause lies, and how to implement a solution that allows people to self-solve in the future. In this role, you will use your technical savvy to tackle the same sort of questions, engineer even smarter solutions, and support our Help Desk for two offices, two optical labs, and 250+ retail stores. Our ideal candidate is a great collaborator with the technical chops to support the IT needs of our grow...",,,,,False,False,True,['ios'],other,c34bdb35d7d82595c21860c49020f857
